seg_id,time_to_failure
seg_00030f,4.782709694490023
seg_0012b5,4.561674037450526
seg_00184e,4.652511310569177
seg_003339,7.452944258248691
seg_0042cc,6.409343671857288
seg_004314,0.9704578222953375
seg_004cd2,7.767327696021837
seg_004ee5,3.0592929307568255
seg_004f1f,4.031918297685986
seg_00648a,1.9414871641076314
seg_006e4a,2.9536547491187837
seg_007a37,3.88878079956537
seg_00a37e,3.196812203126408
seg_00be11,2.8154442960499746
seg_00c35b,7.219685777709647
seg_00cc91,3.2272700681078708
seg_00e5f7,6.360533118274388
seg_00f3b9,2.6773954713876242
seg_010eab,6.18506864337213
seg_0125d9,5.393310947515995
seg_0144cb,4.661317301744135
seg_0165c6,8.644065878239996
seg_016913,2.78890768796541
seg_016cdb,3.867596320281588
seg_017314,7.377174516799127
seg_01a8dc,3.616452644356136
seg_01c775,7.996946920865671
seg_01ecb0,3.582015421676196
seg_02042f,2.009530042932668
seg_025e78,4.7527263767579475
seg_032822,2.9261759283015594
seg_0339ca,3.778330936692124
seg_037461,3.0140317632208653
seg_038879,7.829172161026555
seg_03d386,2.095358595591029
seg_03d63e,3.1733123601762054
seg_03d680,7.579646662174829
seg_03f380,2.9696974691637434
seg_0445d7,4.770973705291047
seg_046c28,2.039478576463728
seg_0488a1,7.982203321906237
seg_049957,8.787278899141077
seg_04a696,6.5965068928167305
seg_04ae38,4.0942147914816145
seg_04b87a,6.579193746262372
seg_04cceb,7.258298865643879
seg_04ee93,6.788844378839724
seg_04fd93,4.748331093194167
seg_0536c9,2.9656118067959447
seg_055127,4.785461375723327
seg_05a1b0,3.8756494064115152
seg_05a4ad,6.817475076493641
seg_05b66a,8.12512206587907
seg_05bef4,2.4874094868856784
seg_05e0d7,2.884116715296012
seg_05f126,6.42088793223851
seg_05f9d6,6.48775172940802
seg_060ce4,1.9902761158252442
seg_061a33,6.040898658806871
seg_0620e6,7.6904473321544
seg_063865,5.118344254989577
seg_065588,3.083888183769002
seg_06893f,1.8789506411061194
seg_06b8c9,4.244727326471685
seg_06bbc5,3.665822262207914
seg_06d4a2,3.4219108999396255
seg_06d7ba,2.398555210928305
seg_070bb0,1.8268878483491127
seg_071067,2.732528353257149
seg_073696,7.55040575395783
seg_075340,3.9536637021460543
seg_075f77,2.5820003966191383
seg_0775a7,2.8690027040449024
seg_077b7e,3.9492935552945
seg_079e34,3.4685474341362266
seg_07c815,3.7467092685834653
seg_07cd72,4.1674771482359
seg_07f37c,3.4368538767802534
seg_07f8df,3.9575069481052436
seg_07fc6d,6.739567433864358
seg_086a61,7.919139213525051
seg_0870ab,3.9765160117410145
seg_0879a8,8.175041534428578
seg_08b136,7.498565193732493
seg_08f441,3.0777874677562953
seg_08fd5b,3.8722317134515225
seg_091c9d,7.172417092012389
seg_093a0a,6.875119623758557
seg_0968f1,6.877618000270952
seg_0981f3,2.457838630297553
seg_09dd59,6.789427235888028
seg_09ed4e,8.235049077967789
seg_09f0ff,3.7804351628507864
seg_0a0fbb,9.084075197049586
seg_0a1bd0,5.365691342806841
seg_0a42ba,8.79453154352058
seg_0a45a1,2.476744098387267
seg_0a97c4,4.298004530116099
seg_0aa0fb,7.593753075465287
seg_0b07c7,5.297359809209332
seg_0b082e,8.282338165473162
seg_0b32f7,2.9348698877529182
seg_0b3b94,3.477111842632065
seg_0b48c4,3.3878949794100226
seg_0b4b24,2.8715238682521598
seg_0b54ac,3.4061061386132168
seg_0b76f5,8.108459996623866
seg_0b9ad8,7.642138774895808
seg_0b9ba3,8.432963840571919
seg_0ba210,8.25164405948224
seg_0ba585,3.0919631564012775
seg_0bb5fd,5.170784224924394
seg_0bc877,3.5920253300108196
seg_0be6ee,1.986974379778926
seg_0c12cc,7.162610791388992
seg_0c1d3a,3.0876588665477644
seg_0c247b,6.656472675550991
seg_0c3943,2.4615847082136737
seg_0c4e31,1.9843932413282819
seg_0c74cf,2.5254186446823175
seg_0c8502,8.240647634633063
seg_0c89ce,6.057427948501159
seg_0c9aa8,7.426447110587759
seg_0cb81b,2.7120580524934277
seg_0cca14,3.272553402841658
seg_0cdcc8,1.7675090215455058
seg_0cf651,2.181279693238998
seg_0d0250,3.226611062865077
seg_0d04b9,5.007629457662205
seg_0d13a7,3.8778887505353428
seg_0d434c,8.856874675846715
seg_0d540e,2.4433550764155485
seg_0d663a,6.956552704295461
seg_0d6d68,4.4318061663492765
seg_0d762e,6.182877810580217
seg_0d833c,6.279334536941724
seg_0dae4b,3.2002611916246506
seg_0dc38f,2.0298996462114896
seg_0dcc40,6.661255966289796
seg_0df469,4.132312306450484
seg_0df75c,8.879061376742449
seg_0dfe8c,3.6973547436353
seg_0e1370,1.9505398902608895
seg_0e1fbe,4.1892742288566245
seg_0e3739,4.009545527041698
seg_0e3d44,1.1441812321014326
seg_0e3ed2,2.210580048231301
seg_0e4833,9.00692827949328
seg_0e7cc5,5.452055104394534
seg_0e8b79,8.203015615830187
seg_0e9987,3.954557676597502
seg_0e9bb3,6.578006176430101
seg_0eb333,1.948444014420995
seg_0ebfd9,4.940625523693965
seg_0f565c,3.6345313042202214
seg_0f74a3,5.943920121411493
seg_0f8961,8.155914764911733
seg_0fc67a,8.964489022182232
seg_0fca83,2.887091562554118
seg_0fd3ff,2.4585679758395553
seg_1010ad,6.24245985707568
seg_103b32,4.457972035219016
seg_105cd9,2.1547243541115924
seg_1084af,6.154899984972852
seg_10a595,4.884848084865645
seg_10c09d,8.647534073528158
seg_10f3a6,2.924661550882478
seg_112b81,7.138096430410776
seg_1144bc,7.779395062257325
seg_114b79,4.292579168993262
seg_115617,2.4184924704008637
seg_115a92,3.2696917070468046
seg_11647f,2.0115895958888466
seg_117278,4.1801580079457725
seg_117ff4,4.014120503660936
seg_11860f,3.9363969835529242
seg_1201e8,4.01764063347387
seg_121446,6.832711604622857
seg_121cba,2.891837454949857
seg_122ba9,3.3296416209834696
seg_123dd4,7.8906105628064065
seg_12ac20,8.755824535299581
seg_12b9ba,7.109784681084563
seg_12ee6e,3.7304645031238994
seg_130e17,2.236400491532143
seg_13468a,4.766394963664432
seg_136285,4.21733983255875
seg_136695,7.21826438780771
seg_137f8a,7.161956436570956
seg_138807,4.151966477759801
seg_13c2f0,4.199150298541073
seg_13e25f,5.817819304115455
seg_140bc5,2.622013317984416
seg_141f34,8.210935376641647
seg_146926,8.518692110291783
seg_148698,6.542266350017453
seg_14ad27,2.3265949047292542
seg_14c054,8.72842387534511
seg_14c371,7.168272612795643
seg_14c435,3.056465028721782
seg_14c89d,4.662423744305097
seg_14c8ce,6.360723513751771
seg_14d1d3,4.497620436876219
seg_14f5f0,8.004086165613002
seg_151368,7.4426812118246
seg_151d92,2.7739912630115486
seg_153d6a,8.894458050680027
seg_154361,7.586261543992259
seg_1562cb,8.248241234831776
seg_158691,3.4384930057152094
seg_158764,6.6094888838679084
seg_15adff,3.7602427335886053
seg_15bf25,7.848920723329525
seg_15c9f9,2.280690775113853
seg_161aeb,6.59935551307039
seg_161f5f,3.703284052833232
seg_162fc4,7.3633352016515055
seg_16566c,5.150830695123064
seg_166f70,8.299855669693644
seg_168d1c,7.942909646949747
seg_16a270,6.283755831309668
seg_16c3a7,3.934078832317067
seg_17067e,4.154703844643669
seg_170684,7.51457144974071
seg_170a0c,7.992924452787618
seg_176542,7.787434671744707
seg_17799c,7.390078398123985
seg_179d90,7.008061022859247
seg_17adc0,3.837193762365252
seg_17d1ff,3.1687591342029435
seg_17e596,7.783256103682594
seg_180481,4.946314787544985
seg_18096a,7.235811366262346
seg_1815fe,7.5139074766170735
seg_1827c5,8.14511300059546
seg_184222,3.8482016223429203
seg_185ad6,7.474703186603989
seg_18d1d0,2.9164898441070446
seg_18d307,1.5714890755018518
seg_18f633,2.125411134059626
seg_18f853,3.973218559919579
seg_18fb65,2.06074961906146
seg_193404,8.607752867233588
seg_19515c,4.925972827463953
seg_195eda,6.1219014496178135
seg_1969c8,7.329458863666124
seg_19b08e,3.39802429076183
seg_19b9dd,6.375604989446419
seg_19e1ff,6.1917638740003245
seg_19ec5c,8.458719635047089
seg_1a0e94,7.9776996213221425
seg_1a0eca,5.411356672904047
seg_1a671a,3.162857313352632
seg_1a791c,4.233998274333104
seg_1a8e06,2.6107876758968613
seg_1a8f0d,3.468655543130378
seg_1a8f2c,7.349015990742972
seg_1abcaf,1.6552211402687727
seg_1ac9e2,4.022227677913785
seg_1ae362,7.297656692031818
seg_1afa29,2.7936983427864086
seg_1b08a4,3.8010069656910135
seg_1b1ad8,4.281077456791256
seg_1b2298,8.198772532187638
seg_1b78af,4.04675363333682
seg_1baf33,3.9414902287912494
seg_1bd38e,6.9046638125257775
seg_1bf7b3,2.811307417302776
seg_1c401b,6.490453611897806
seg_1c4c5b,5.686543144028233
seg_1c4e72,4.298210807756138
seg_1c849d,3.6374326502253274
seg_1c904f,2.750644087377291
seg_1c929e,2.928605546342524
seg_1cb942,8.323371725106549
seg_1cd352,4.673848291711773
seg_1cf1b5,2.8124304216433673
seg_1d044c,4.9163097347321605
seg_1d11e5,3.490660056642057
seg_1d596d,3.8274291591988248
seg_1d980f,3.503469444606447
seg_1da819,2.888530945405561
seg_1db443,6.477208888640263
seg_1db8e8,9.009889696551362
seg_1dec9c,9.050409309149993
seg_1e0523,3.414340725914046
seg_1e0b82,8.065269263603101
seg_1e572b,8.282037072078946
seg_1e617a,3.4159886509411597
seg_1e61d6,2.7057510507681934
seg_1e677e,4.753004851380805
seg_1eae76,3.8879167380801145
seg_1ebe6b,3.3544029244353126
seg_1ece48,2.668029969211199
seg_1eeb8f,3.3585256976485454
seg_1ef708,2.3088688523108125
seg_1f1e60,8.675445896165186
seg_1f3d44,6.838317228842786
seg_1f3ede,3.3285513791972425
seg_1f5240,3.509796659041171
seg_1f7cf8,2.877659477497124
seg_1f9aed,4.733528379422649
seg_1fa983,2.422745949209642
seg_1fc7ab,5.649793243709953
seg_1fe311,8.206589993874355
seg_2005a7,4.340924746222224
seg_2018c8,8.84133182869562
seg_204dc6,3.113040545295439
seg_208ba5,2.7510262446084734
seg_2099f4,4.313245726966818
seg_20a990,3.4517987663792953
seg_20b8d0,3.8733467123137837
seg_20cbac,4.228811375598336
seg_20cc25,0.9287246370112591
seg_20d9de,7.571877902576949
seg_20e9ad,4.070184511089674
seg_210388,4.840336855758622
seg_211299,6.168741097836181
seg_211486,8.802303871798689
seg_214492,3.05209325759366
seg_217eed,2.91350791056124
seg_218049,3.1728075555974247
seg_21eebb,4.003851329245707
seg_21faa9,8.235139586722521
seg_222c5f,2.006643892971001
seg_225320,7.530642904881282
seg_226e60,8.259270320778967
seg_229eda,6.62515537063589
seg_22e509,4.283477910682331
seg_2313d1,4.285040152059408
seg_232559,7.108786560513278
seg_23323e,2.979712508408873
seg_2367fb,7.664504932656984
seg_238242,6.530994707324917
seg_2383c2,5.58197757457794
seg_2396a2,2.505378732603184
seg_23b123,9.016392523320896
seg_23bdf9,5.790961048110973
seg_23c947,1.7453547929729043
seg_23efb0,4.09198873409388
seg_23f823,3.7385003898378977
seg_23fe27,7.980670084545728
seg_241266,3.3877415781368625
seg_24157a,5.806755264490597
seg_24458d,5.017190502498615
seg_2465ce,5.638582316774938
seg_247262,4.900158402242007
seg_24ba8d,4.166912457635532
seg_24c078,5.633232202420615
seg_24c1c9,3.758732333296926
seg_24e071,3.6625175529544998
seg_24f338,3.9566699439950286
seg_257b8a,7.3561902334723035
seg_2597af,3.7875807955177327
seg_259c63,3.9428723182609158
seg_259d65,3.4075777228091524
seg_259dd3,6.867434990416925
seg_25aa9f,8.957663798341782
seg_25ab3f,4.118413538839798
seg_25b38a,7.705722605050803
seg_25c8dc,6.61522368969525
seg_25cca7,7.892533379068889
seg_25e76d,2.383771521977248
seg_26049e,7.726105264534343
seg_263deb,2.951248019866894
seg_263fb3,2.4394560699223224
seg_2642d0,3.2977879803468384
seg_2642d4,5.862320748675565
seg_264c7d,8.207912206621156
seg_266805,3.4133388350171097
seg_266c6e,4.628750218343936
seg_266d4e,4.266688867242887
seg_268249,4.791604007671265
seg_268625,3.885369168596762
seg_268956,3.759060181425472
seg_26a2a0,0.6702986890231314
seg_26cba3,4.209759764778367
seg_26edaa,8.464142678216472
seg_2700bd,3.8495846038084216
seg_272a47,0.6226794727154236
seg_274a1a,6.364758006921192
seg_2774c4,8.432835332606045
seg_279725,7.605270700162418
seg_27a282,3.3556252266246465
seg_27b7c8,7.136399357973253
seg_27db4d,7.663180570942394
seg_27de37,7.376286821052814
seg_27f532,8.792363530987396
seg_27ff17,3.76675187632663
seg_280863,3.984536412268314
seg_280e3b,4.485949135485474
seg_284223,4.627660923625966
seg_284923,8.063870809887858
seg_287e60,2.5518222590588198
seg_287fef,2.8223991012705913
seg_288001,3.848520296895868
seg_2883ec,7.099585491169244
seg_289d99,1.965346718977453
seg_28fc32,7.2372693361482465
seg_29022f,2.5430936150104158
seg_2916e3,7.912791088922363
seg_293dbf,3.5476555046622864
seg_293dc2,2.796720649861488
seg_29475f,3.3103196407469397
seg_295b1c,8.366237164628991
seg_2977cd,4.25019764067825
seg_29a073,4.239704317576231
seg_29acb7,3.000182569380036
seg_29c772,5.291675423812481
seg_29c906,3.989453052894119
seg_29d497,4.193292976377856
seg_29d4c6,8.885624609530273
seg_29e799,4.93153906356104
seg_2a0ace,8.549755732722499
seg_2a0afc,4.618173091756436
seg_2a0dc0,8.310139021793907
seg_2a2f1e,6.040758457035294
seg_2a4551,7.258319940326189
seg_2a6343,6.848471422731709
seg_2a8351,1.6902751764007409
seg_2aa101,3.287300897058102
seg_2abd33,4.639295926248374
seg_2b2cb3,7.415319744909826
seg_2b372b,2.8197034688578797
seg_2b4959,4.689916089230068
seg_2b6d52,8.40285876178185
seg_2ba79a,1.8106945387868354
seg_2bcbde,8.54540729674738
seg_2be983,8.397631403358641
seg_2bf5be,8.479978218241694
seg_2bf9dd,7.563010564028764
seg_2c3203,2.604103534370535
seg_2c5e9f,6.23754231954668
seg_2c6011,3.7765554361142413
seg_2c69e4,8.208330407617565
seg_2c762c,5.959179771156585
seg_2cac57,9.08250903856364
seg_2cadc0,6.6644200961063
seg_2cdbe3,2.916307132158596
seg_2d3828,4.597109443791329
seg_2d402d,1.9291794406232194
seg_2d427f,1.0416468392336589
seg_2d5544,3.8455554651414867
seg_2d7cc4,3.13176610016766
seg_2d92f0,8.176699100614728
seg_2db7dc,3.6762655128268205
seg_2dc6ff,1.9049805817204983
seg_2dccec,4.000341127503446
seg_2dcd3a,2.7055170644204667
seg_2dcd84,7.859420266488951
seg_2dfb91,3.424896649817492
seg_2e2372,5.941055037162959
seg_2e50fb,2.38894925459508
seg_2e64af,3.09668003341058
seg_2e71dd,2.2230064047271747
seg_2e88dd,5.5277520398714
seg_2e917f,5.032367841538198
seg_2e9a47,5.583098700464388
seg_2ea616,3.3769363127846357
seg_2eccb9,2.3929746177123037
seg_2ece02,3.668608438790972
seg_2ed79b,4.323462836601271
seg_2eddf6,8.472004186472354
seg_2ee95c,7.986911745889929
seg_2efd5c,6.727516882869259
seg_2f1664,7.964472974779895
seg_2f4f14,3.190846393251777
seg_2f5695,2.803296960910224
seg_2f60db,6.9735063048265244
seg_2f86cd,0.6251208895953783
seg_2f8e19,7.47606069679908
seg_2f8f6d,8.015930939686786
seg_2f9336,4.70057827333353
seg_2f9581,3.1594134678453263
seg_2fb672,8.040498107748535
seg_2fe382,4.148082932268324
seg_301c1e,6.227053990862812
seg_30207d,8.94093901236276
seg_304581,4.361255049722628
seg_304b87,3.835653775813076
seg_304df5,7.597353469355295
seg_30501b,9.06420232127645
seg_3065ba,3.8093965350000043
seg_30661b,3.6880544277183036
seg_306756,8.057116958567086
seg_30ad2a,1.9324467310442086
seg_30b043,2.873338571387325
seg_30da11,3.0312343577075427
seg_30fd84,8.717582518559027
seg_310230,3.904043842891222
seg_31064b,1.9057151283563778
seg_311499,2.087774531698942
seg_311b5e,1.9451822191450219
seg_3128e6,4.177912217227389
seg_3151ff,4.424068040422386
seg_31631c,6.494160252535129
seg_316f86,3.0297809969413154
seg_318135,2.2691967461162537
seg_31a51f,2.661813387582303
seg_31a6cd,3.5490966090091995
seg_31b808,6.202428432268136
seg_31c0f4,9.224073238358129
seg_31d763,4.505195771591855
seg_31d7bf,2.039690306474186
seg_31d810,6.399222548112724
seg_31ddc5,8.84155307694029
seg_3234ca,3.8456647831728796
seg_324447,7.997486714320554
seg_324537,3.9759000516292335
seg_325790,4.352340224514936
seg_326eb7,3.8681126634623446
seg_327ed4,2.5054625859652537
seg_32906d,2.3503440032635
seg_32ad0f,9.129756128962653
seg_32c904,7.460275409687788
seg_32d747,4.08145949489085
seg_32e763,2.998956727326593
seg_32f3a9,5.100134576133066
seg_32f6df,4.095731648532815
seg_32f72d,5.357498964914424
seg_32fc4e,7.988519621085401
seg_330579,4.042028999312615
seg_3319b5,7.880767346308605
seg_331f2b,8.213771927734486
seg_3340b9,3.577742138347594
seg_335170,1.7640922916124218
seg_337b8c,3.371270635697439
seg_339f80,5.97848647667733
seg_33c30d,3.0844229664187304
seg_342ce6,8.748515554602564
seg_343571,7.449829864870957
seg_3452b2,3.807912979757198
seg_34a2b8,3.57652075110259
seg_34a8f7,7.888268989924487
seg_34abd2,1.9897269632343744
seg_34ef79,5.249999995699003
seg_3506d6,4.105140138186501
seg_35269b,8.928260895839257
seg_355717,3.38354235118094
seg_355d19,8.40067768965217
seg_35a2d7,8.175825567076057
seg_35b009,3.051573142134674
seg_35b753,4.464399015618081
seg_35ba8f,7.453302178922009
seg_35c587,4.867942984865013
seg_35dd45,7.835156396827547
seg_35ee83,3.279735921222267
seg_36147d,2.6950880725849697
seg_361f5a,9.064864104508926
seg_3631ec,3.987088774726176
seg_3661de,8.184190136614802
seg_369570,4.496009495534494
seg_36b77f,8.172934422179798
seg_36e32d,8.409925347865402
seg_3706be,6.905102443728158
seg_373a04,6.4992667353030615
seg_373ba6,3.675885120722303
seg_37608b,4.496912069667717
seg_3761d0,2.7398850390131915
seg_37669c,4.888532918007136
seg_376908,1.3271558106058494
seg_377134,3.8863338413748876
seg_3788c5,7.680354765341515
seg_37bf85,2.1236986144174845
seg_37f3fb,2.973953597831303
seg_38001b,1.8725873856889923
seg_383b6b,3.223445715166342
seg_383f2e,7.6031915360396285
seg_3865bc,3.2658299910464
seg_3878d0,3.8140579611245182
seg_389906,7.333380338234682
seg_38ad16,8.769124943518824
seg_38ee24,3.542310263607888
seg_392019,4.6899461286716635
seg_39300d,2.3714189097476988
seg_395e0e,7.286721092897682
seg_397983,6.639045173060867
seg_397dc9,7.585091335746818
seg_398a25,4.314862163852293
seg_39a886,5.318159393486353
seg_39ad50,0.6489253805701927
seg_3a1600,3.392607376488963
seg_3a22ac,3.0619012001839105
seg_3a80c5,5.347527590162101
seg_3a8a76,1.9859840101226447
seg_3aca44,2.839369468202698
seg_3adb1a,4.330870830165172
seg_3ae4d9,2.492575941272453
seg_3af649,4.077167186223889
seg_3b2013,1.1273778918683635
seg_3b30fd,8.41216580331717
seg_3b4414,3.3370217443593666
seg_3b7175,3.9046263823156178
seg_3b7724,8.918904090800444
seg_3b95d2,8.23614225754354
seg_3b95dc,3.6748209553574878
seg_3ba485,8.269312850191632
seg_3bb90a,4.048623479476754
seg_3bc9ed,4.875260809947136
seg_3bd97e,8.944577469544372
seg_3bf9ac,1.9253273853494672
seg_3bfcf6,4.506387504486049
seg_3c3ddf,2.3685312279255255
seg_3c4106,2.7052561747695405
seg_3c64fb,6.028991709061789
seg_3c8545,3.145272572140573
seg_3cba49,5.639327651211958
seg_3cbccf,3.9324375235967732
seg_3ce740,8.910247210353358
seg_3cfb73,8.582567185553307
seg_3d059a,3.871144107943734
seg_3d06cc,5.140531644762322
seg_3d19fc,3.4972096581108576
seg_3d1cb3,3.9922849122698785
seg_3d1f2e,4.674503233113152
seg_3d581c,1.847337983273652
seg_3d6aac,7.451452198493809
seg_3d6e79,5.865437884107278
seg_3d9aa0,4.18636889330987
seg_3db0a8,2.9670180617075914
seg_3e00cd,8.675315472644032
seg_3e55d5,2.851948788769757
seg_3e87b4,0.7928279984900546
seg_3ec967,4.180061471481596
seg_3edf51,2.8021555688498334
seg_3f2086,7.829640098443792
seg_3f3689,2.6712515662840266
seg_3f3983,6.7482845720348275
seg_3f5be6,3.9323133850453336
seg_3f80ef,4.130984316813152
seg_3f99c8,1.956727411975903
seg_3fb24b,3.6700248991813296
seg_3fc7ca,8.405103345252568
seg_3fdae0,7.830589747717587
seg_407b2b,5.624441615772474
seg_40b3aa,1.617265369864961
seg_40f810,4.875940497238869
seg_411225,3.263203805995919
seg_414d0f,6.116692359197906
seg_4185b3,4.164828759483451
seg_419531,7.498311177878542
seg_419b2a,8.505659985863952
seg_41a267,6.641642246188242
seg_41aadc,5.111913787060242
seg_41ab7e,7.099366364173915
seg_41be18,7.785749085716407
seg_41be7d,5.786549763900955
seg_41f45e,6.817355822627186
seg_420bcc,4.396461256227371
seg_420d4e,7.928467645351855
seg_421a96,5.117320219753608
seg_421da1,7.179057703327136
seg_423ebe,3.7949956139191583
seg_425462,3.852051668194903
seg_42648c,2.779067204980254
seg_4280d9,7.98575641015918
seg_428d66,3.2601394902712375
seg_42c4c9,4.998718052023793
seg_42e7e8,3.6332010918599944
seg_42ff14,7.396760860024063
seg_430e66,5.477795836404018
seg_43383f,4.3663501033606416
seg_434c96,2.657788927599161
seg_43597f,4.050875081834723
seg_43c6f4,7.536544728000233
seg_440106,7.338101976259525
seg_4401d8,7.936315889260996
seg_441c6d,8.338000370942614
seg_4435bd,3.344390382734402
seg_447972,2.7537351359706834
seg_447b8b,7.326138618760882
seg_447cb3,8.197080213182184
seg_44d3ca,2.7175336609461747
seg_455b16,2.896520044323143
seg_456149,8.62793933451299
seg_457234,8.505316191460286
seg_45838b,5.92644376695692
seg_4587bb,7.914661920640866
seg_45a8a9,2.467404127090347
seg_45b051,1.5312728248008551
seg_45e062,8.266793878864123
seg_45e4ed,3.4499507290914124
seg_45e7ad,1.9045450471403003
seg_46012e,7.963151026080597
seg_460436,7.999694628216319
seg_461ab5,2.450296075353664
seg_461b63,3.9623702196814246
seg_462c1d,7.416165809577277
seg_464839,5.9968674150847585
seg_468bc9,9.161036451671672
seg_468fdb,3.8021743610791057
seg_46a42b,3.669400819805969
seg_46b84d,7.25627690777988
seg_46c6d3,8.59093404231775
seg_46dd7c,2.851599299461515
seg_4729a7,3.271106289284966
seg_4743ab,8.654664197065577
seg_4743fa,8.083511573866415
seg_476700,3.4347308606843674
seg_476bdb,3.652040273032459
seg_477c83,3.1091986671830183
seg_478327,6.192369085646514
seg_47a48f,8.84456207290007
seg_47d374,2.836548879367721
seg_47fed6,7.119295092382513
seg_482745,2.9868680224973225
seg_4848e3,4.682860247185355
seg_484901,3.4249052982687247
seg_486973,3.203322128178455
seg_48a4b3,7.0277186057549565
seg_48a80c,2.9753858991017665
seg_48b545,6.897317530753318
seg_48feba,3.135128885387152
seg_490092,8.076841596203716
seg_490d6e,5.870932806466418
seg_492dc6,3.932107368807733
seg_49322d,6.570593398486056
seg_49336f,3.174535181857067
seg_495573,8.105337940714152
seg_496d07,3.1227026568144036
seg_496dad,2.209381572201249
seg_49b0cb,8.689474011226938
seg_49d84b,5.267904451085566
seg_49fdf0,8.735148924300308
seg_4a2525,9.027936617091711
seg_4a6096,1.9304638516727788
seg_4a719c,4.103550204986093
seg_4a91a9,2.8891363374418106
seg_4a9e6b,5.522963396979139
seg_4a9e8d,7.512679324909293
seg_4ab7bf,7.596354586012724
seg_4abc29,2.953852149784583
seg_4acc4b,3.3574986690203663
seg_4ad5a2,5.832718968144942
seg_4ad674,4.025450227261094
seg_4adeda,8.507431094324508
seg_4ae37c,7.766862437374357
seg_4ae712,7.959284145140516
seg_4b0839,1.9973254943128247
seg_4b4c91,7.883095291414241
seg_4b4ffb,3.374645338563179
seg_4b8044,3.9818311039858005
seg_4b953a,2.943097373283996
seg_4ba3d1,7.835256748924701
seg_4c067a,5.128459928381358
seg_4c12b2,1.286326008708272
seg_4c18e2,2.072634653842182
seg_4c3a2b,7.4450092262831955
seg_4c4995,5.336752856782961
seg_4c65e6,7.352789829669357
seg_4c8db6,7.537037553959753
seg_4ca6de,6.539317025592108
seg_4cb0d7,6.054878633128934
seg_4cb9c6,3.297326582625743
seg_4ce234,6.58393269991593
seg_4d0008,4.144896519279757
seg_4d0041,7.352797665401773
seg_4d0c45,6.125398276702589
seg_4d18f4,2.2606092984666266
seg_4d2671,4.943758785564245
seg_4d53c2,8.008739044719531
seg_4d5a4a,3.0859934143186725
seg_4d7c56,3.6900607176119284
seg_4d8f0f,3.3260651734731903
seg_4db886,7.538781801466945
seg_4db997,2.912106633959288
seg_4dbbd1,7.142058202085041
seg_4ddddc,5.173188496889882
seg_4dfa03,2.1544333751493174
seg_4e0c4a,7.638201822111126
seg_4e2c66,1.2870868069315209
seg_4e3bd7,1.1237912248074697
seg_4e627b,3.8100018321411233
seg_4e9646,6.133445832148244
seg_4ea3fa,5.276297428717927
seg_4ea81c,3.2229512795360233
seg_4eb127,2.183240721271485
seg_4eeaef,2.436065086358318
seg_4eef28,7.512182288228399
seg_4f48b4,1.5401879100807572
seg_4f5931,8.077368772508482
seg_4f76a2,3.88562799161759
seg_4f83a3,8.110897740556695
seg_4fa87d,7.222142949215304
seg_4fce5b,2.911925978003123
seg_4fd191,3.6412609751867833
seg_500108,4.419551324617642
seg_5009d9,1.93348820793988
seg_500c80,6.444343146360993
seg_502fab,8.223732806189043
seg_507065,4.130433423718826
seg_5090fa,6.246361220097613
seg_509d55,3.649487066746991
seg_50a667,2.8838543041314084
seg_50b048,6.150182377827898
seg_50e270,6.764898311653864
seg_511d25,6.983842313101447
seg_512b3e,7.952557712118905
seg_514543,3.841228771713086
seg_5147e1,4.323829277036418
seg_514b85,9.091695744688735
seg_5165a4,7.780304798706167
seg_517345,5.07782857212673
seg_517425,2.747815757478202
seg_51865e,2.8932625706032025
seg_518b1e,2.5078777296293984
seg_51b68c,8.961383503857567
seg_51f0a2,3.5394920522349027
seg_51f6fd,4.000845205424118
seg_521a88,6.923628910228557
seg_523945,2.1215548902745778
seg_524b39,5.362649492504856
seg_5254ce,8.01024508223272
seg_5255c0,6.370020834854529
seg_52636c,3.9727886723012094
seg_529be4,4.171402748512387
seg_529c99,4.144397660340332
seg_52c139,8.318166934259338
seg_530a02,8.39066735073103
seg_53103b,3.078322024097421
seg_5311d1,1.8870605163190814
seg_533613,7.208517179433568
seg_53498a,2.3351103658506362
seg_53a557,3.8205747385383138
seg_53a5fd,6.674466186833929
seg_53bdf5,7.051554956825594
seg_53caf1,6.672997546924782
seg_53d818,3.3815381339343333
seg_53e645,5.355098485179791
seg_53fa13,3.0194190998819375
seg_5407b0,3.0488063407686203
seg_5445bc,3.5770230229656095
seg_54490e,7.5633523568606265
seg_545fda,7.427486851897344
seg_5467c8,7.821304455039431
seg_546864,8.169929423239779
seg_5470ca,3.901418463650233
seg_5495ca,1.9181475509839647
seg_54af0d,1.7568576372645068
seg_54b0ee,6.768211286375137
seg_54d0f3,2.6553358634987743
seg_55239a,3.340199631926512
seg_552b8e,7.7957527580530925
seg_5559d9,1.6556971268671354
seg_555f63,1.956113837293554
seg_5597ed,3.418505430854575
seg_55a0c3,4.40675138703356
seg_55a9a4,7.284942896722284
seg_55b566,1.9403183409689486
seg_55d50b,2.3673751747979153
seg_561cf4,1.7610747647717468
seg_563059,6.601372291679263
seg_5639b3,4.823592920111958
seg_566efe,8.857571803427659
seg_56e3e7,8.996047148375935
seg_56e6f1,3.5647483472918586
seg_56ebc7,3.0252664492189756
seg_570a20,3.911381000947238
seg_570d69,8.61597489788854
seg_572172,6.176695216280578
seg_5759c9,6.9672787725079965
seg_5765b6,7.794079742338473
seg_578e84,8.494218149149189
seg_57908c,3.2479419597466994
seg_57b6c0,3.93804083853436
seg_57dd68,8.264209158525192
seg_57ea44,2.1192574457614377
seg_580b65,6.036002898265466
seg_581fac,2.7309618097679293
seg_585872,8.093591464711249
seg_586726,3.131871957159238
seg_586c0f,3.9106895191148126
seg_5887a8,8.901485745446113
seg_588f61,2.562951523889619
seg_58d52d,8.227297108767283
seg_58e74b,1.7769163845550513
seg_58e9f9,8.55306262364239
seg_58ea74,7.685383574643342
seg_59058a,1.7665581241387414
seg_590fa5,5.289429978223726
seg_591954,9.0765580235274
seg_5924f5,4.5067778585134155
seg_592807,7.41733065994379
seg_593c34,3.0806095349616327
seg_5965d8,2.7598910656697027
seg_596ae3,5.723007756537116
seg_5975f4,3.772146886338563
seg_597bd6,6.2572346188221255
seg_59818b,6.902199734545456
seg_59cd7d,2.3465587435201867
seg_59cfdb,8.655236108088326
seg_59d484,4.257497952530101
seg_59de0b,1.8041012600798518
seg_59e1db,7.2296091401112275
seg_59eb97,4.806207541668038
seg_5a0479,5.98910593884545
seg_5a1adb,4.0845804679980615
seg_5a242e,4.886093177550397
seg_5a67b5,7.52857411517947
seg_5a947e,3.284529676318175
seg_5abfdd,4.265489868150136
seg_5ad847,2.6392963660227307
seg_5b392b,2.2667511961834927
seg_5b7325,4.1011661738874245
seg_5b8c39,3.8210442098189836
seg_5bc0b0,6.776298597099753
seg_5bd9ae,4.989018675401069
seg_5bdb47,2.5687423964641156
seg_5bfbf0,2.509957571966601
seg_5c0929,3.310218423727391
seg_5c1a4d,2.507892730087227
seg_5c530f,3.4498216769424976
seg_5c57a8,1.4514344583899654
seg_5c8ae5,2.6236090962158474
seg_5c9077,6.19092325710043
seg_5cd98b,2.9985095364034557
seg_5cde88,1.8074451191282208
seg_5cfba9,7.5051512262651
seg_5cfdc4,4.977238216560139
seg_5d333e,7.432730489712503
seg_5d45db,6.953895383457155
seg_5d92af,6.727004311060372
seg_5d94b2,3.1057743298530354
seg_5e020f,4.556738326559957
seg_5e0902,2.4008887562366557
seg_5e1bba,5.160874556447798
seg_5e541f,1.8777502263292658
seg_5e635a,2.683378185155682
seg_5e668a,8.719577141762091
seg_5e70a7,7.296598855291587
seg_5e7abf,2.9440649384926325
seg_5e8ef4,6.6266189902102575
seg_5eb380,2.8201696802188825
seg_5ec0e3,7.357184375909846
seg_5ed47e,8.268892687647897
seg_5ef47e,4.841611704157136
seg_5f0a92,3.4860297411889443
seg_5f24d3,7.550019277974045
seg_5f352e,2.09678487540986
seg_5f355e,7.58305413970904
seg_5f46a5,6.757733778711289
seg_5f7fd9,3.830955342214956
seg_5fe414,2.826438404420058
seg_60277f,2.8810064883717628
seg_6074f9,3.2967431514745846
seg_607559,7.348846408712758
seg_60ab20,8.499335613525975
seg_60b696,4.823295185697204
seg_60dacd,9.128987536722757
seg_60df2a,4.948395498338817
seg_610379,4.120911625176983
seg_61219c,3.7965175998930207
seg_613702,3.083640496854735
seg_614b50,1.4131460812348164
seg_6153ca,8.911513914524892
seg_6167f0,4.733246276941631
seg_616c8b,8.172837460466397
seg_61b50d,3.1481741706739337
seg_61f504,3.264822060490284
seg_620ee4,4.345950505189568
seg_622e9d,2.4258542298985595
seg_62331a,3.4024717371032343
seg_6262c4,6.6151735451700455
seg_629822,3.008007640065012
seg_62a403,7.413283733201193
seg_62c582,1.9840937572922706
seg_63130f,8.899390403126892
seg_633651,3.79647191996086
seg_634180,3.727747870458852
seg_634f05,1.9342219087307906
seg_635770,8.053468706579062
seg_63582a,8.158325346556227
seg_63c13d,4.375788258774563
seg_63c518,2.513716509037379
seg_63c8e4,8.465148898899415
seg_63c983,2.856107604893091
seg_63c9a3,4.320270254845384
seg_63d651,3.9478702452080054
seg_6422d1,6.063311929340304
seg_643d1f,5.073026906222192
seg_643f86,8.611459534661575
seg_64bcb9,8.64122559114282
seg_64be5d,8.9823655412578
seg_64be91,8.743534871897443
seg_64daae,2.5150353648646764
seg_64dcf0,5.375174534978074
seg_64f8dc,4.116942207103601
seg_650de2,2.46423965063531
seg_651808,2.5352303572456467
seg_652cc2,3.1376905213284223
seg_655780,2.926162917343599
seg_655ad6,7.972893400629758
seg_655cae,1.9292319753139284
seg_658bf4,1.7670426967675679
seg_659ff8,3.9274616074807067
seg_65b962,3.829361727454133
seg_65c4e1,7.086243205294265
seg_65ef95,2.898985859587512
seg_65f01e,7.499444988704029
seg_65fbac,7.120745275378631
seg_660fe1,2.5534592368789566
seg_660fef,5.578981627173167
seg_661629,2.9689073026021338
seg_666056,3.9817555891212746
seg_6681ee,1.4914541377441117
seg_66820a,3.5825631094849237
seg_6696d0,3.3988228408958596
seg_66b7c3,5.750136546827246
seg_66e45a,5.125698955537204
seg_66ed4d,2.554899501280674
seg_670bde,2.5583860774993714
seg_67330f,4.407112457939369
seg_673c60,3.159057470263592
seg_67599b,5.630478635356118
seg_679dd2,7.983520164783338
seg_67aa76,4.497607660110279
seg_68102c,8.960915902288434
seg_683ddf,4.294574357101348
seg_686edc,5.695119221108427
seg_687a5c,1.735811771829765
seg_68a484,7.6801791286522345
seg_68da94,3.14302249130806
seg_691a72,4.5474110487042765
seg_692e7a,8.185723901364739
seg_6951e0,3.425156609114394
seg_695380,1.8005518851176423
seg_696621,4.308516804914553
seg_6968c8,3.9100137379664366
seg_69787a,7.331093132595416
seg_69a230,3.8915830343941957
seg_69a53e,6.392348281066808
seg_69dbad,5.492045123060232
seg_6a05e7,3.9117118523432435
seg_6a116b,4.8124994872864635
seg_6a26de,2.4988594353199356
seg_6a45a0,3.8475142087993444
seg_6a4ad1,8.403681621772217
seg_6ab188,5.834701550005877
seg_6ac67a,3.0096569984384933
seg_6ac82a,2.795356421986183
seg_6ae32d,3.2316581458551616
seg_6b0107,5.443131149288324
seg_6b2ce0,5.946937627619356
seg_6b3a9d,2.6943193775438585
seg_6b4e04,7.869745009397591
seg_6b536d,4.354340989889492
seg_6b9511,7.076303891329631
seg_6b9d02,3.3778216668818626
seg_6be48e,3.438040561978601
seg_6c292b,5.018032171973723
seg_6c309f,3.741275456508863
seg_6c34c2,2.4635166179365586
seg_6c8a45,4.024991378990701
seg_6c909f,3.3705170896832852
seg_6cfb76,3.887655358973943
seg_6d01a3,7.9370743188019075
seg_6d35cd,2.002573822145576
seg_6d36a1,8.770166167545574
seg_6d4109,8.008767559402274
seg_6d4fa6,3.9665437162231254
seg_6d6fad,3.946388009743312
seg_6da1ff,5.621694244641005
seg_6dac5d,7.98322458978053
seg_6dd0fc,3.8395936775476995
seg_6de4fd,7.247559118829123
seg_6de935,8.204230449981319
seg_6df48e,7.815236894328614
seg_6dfab7,2.6518788289744823
seg_6e12ae,4.486716289441995
seg_6e12ee,2.9026804787162384
seg_6e1ee7,7.560458907810177
seg_6e572a,3.070922141482963
seg_6e5a38,2.1469732124270147
seg_6e7f73,8.016435700092732
seg_6e98aa,4.2878844547727795
seg_6eb146,8.344898189882246
seg_6ed49a,7.9865648677951695
seg_6edcb8,4.228737235333454
seg_6eedcc,6.915259877110921
seg_6f17de,1.7870360006722754
seg_6f2222,2.953368176121228
seg_6f3d90,5.505630602203965
seg_6f60b2,2.337147121186447
seg_6f650f,8.269699422442711
seg_6f9a98,6.090670958359103
seg_6fb17f,4.805551270094826
seg_6fc3ef,7.825726044038513
seg_6fc8b3,7.690610344658874
seg_6fd5bb,6.428343295931496
seg_7012af,8.051366970034996
seg_7020c5,6.34467290529025
seg_702e03,3.4447692639556613
seg_703cea,7.781655952764482
seg_705463,2.9124064146907918
seg_708349,8.544358444837352
seg_70991d,3.54685125565047
seg_709b6a,7.978584014830339
seg_709d08,5.473990032863985
seg_70a60e,5.239219816270663
seg_70b375,5.38788250273782
seg_70be4d,8.162709906943274
seg_70e891,4.002769884836983
seg_70edf5,6.72761858470275
seg_70fb30,8.061881127963794
seg_7120ac,4.712679624887123
seg_71238c,8.61547956121943
seg_71348a,1.8072021576197654
seg_715e2c,6.239303128968444
seg_715ff6,8.751267730447713
seg_7189ca,6.2089123950347735
seg_718b53,2.8018962628005615
seg_71936f,2.69606561975185
seg_71b4e0,4.267920032214305
seg_71b975,2.7833786754485557
seg_71c9e9,2.5308031509608764
seg_71f571,4.3378667918175955
seg_7211f1,5.117336488893978
seg_724df9,0.32215095101882457
seg_725772,7.289822476064334
seg_725e84,2.0415029175349138
seg_727fc7,2.6835008449189046
seg_72858d,2.6279903627553916
seg_72859b,4.050283648434057
seg_72aba8,4.861501157297269
seg_72b68c,8.968311780894894
seg_72c307,5.290039449699266
seg_72ebda,4.720394972334537
seg_72f40a,7.191535971977353
seg_730ebe,2.854903651169398
seg_734a88,8.280584909120291
seg_73565e,3.440197423055265
seg_735cdd,4.140608773872072
seg_73858d,9.288709493884504
seg_738be6,3.352249987219775
seg_739643,6.34704280798981
seg_739679,1.8228013588518788
seg_739856,8.775028132101427
seg_739fb0,2.2879858546593974
seg_73ab4a,3.1416638505084165
seg_73b0f7,6.5369278320341655
seg_740837,4.830098354101701
seg_741fc1,6.460173908074074
seg_74235f,3.645490628945421
seg_7428e7,7.306810426861143
seg_743775,7.43514717528625
seg_74537f,5.180232160661364
seg_746d1d,4.183249598276793
seg_7480f4,7.674924686568719
seg_74b264,3.1150621914119574
seg_74b3bd,5.988008878823231
seg_74ce61,8.097487872485283
seg_74d58a,8.356413204063616
seg_74d8cc,5.376884411466033
seg_74dda9,7.229728950712869
seg_74f330,3.6490755373988564
seg_74fcfc,8.742182440037812
seg_74ffde,5.694374459992847
seg_750244,6.294890587172927
seg_750c93,1.9414726653239016
seg_750d20,5.507025119720958
seg_750e7e,8.082778047340428
seg_75211e,4.997128616835229
seg_753190,8.006674787740945
seg_753ba6,2.4890730740897915
seg_7540f3,5.563377331486546
seg_75438e,5.581478735759832
seg_755d50,3.4117372774017913
seg_75654d,3.462042759470349
seg_758374,2.199299852123209
seg_758ca4,2.4419096922516563
seg_759fb1,5.853108253195683
seg_75a878,4.339262163120299
seg_75c34b,2.4280577415263056
seg_75cd6a,4.114635142515502
seg_75dc3e,4.2243067905041
seg_75e669,1.6449580512303574
seg_75e93c,3.0080448987793074
seg_75eb90,6.855094940847945
seg_75ffc9,5.249949955319082
seg_760d70,4.341100248519872
seg_76106f,8.211199294215662
seg_762188,8.818943499056292
seg_762be4,2.9520026396759786
seg_7630c5,8.956243577621006
seg_766e42,3.3471260144206276
seg_76b76f,8.935517186990673
seg_76c2fa,2.957465589042114
seg_76d16c,6.579431941591426
seg_76e914,4.022733539491674
seg_76f1af,2.708571270599161
seg_76f3f2,7.405953277690468
seg_76f76d,4.253772451508225
seg_774ad2,4.2040419660268045
seg_77bf79,3.1312981740873673
seg_77c546,1.8697709416302053
seg_77db7b,7.955738827698149
seg_77dbe7,3.8729015988104534
seg_77df38,8.008951909952298
seg_77e7bf,3.394326694087954
seg_77ea14,3.6982680283602956
seg_77f9e3,1.9753388264734026
seg_77fe77,5.612169555105665
seg_7848f8,0.28081203065462823
seg_7862ed,3.153259669309029
seg_786ff6,6.9025307626649255
seg_78852d,6.588989785568429
seg_78addc,7.2609145265126465
seg_78d817,3.682795581461236
seg_78db0a,7.546023583283969
seg_78ded2,2.0908936458273066
seg_78fc4b,7.163850550385838
seg_790108,6.462892460647362
seg_7949da,2.9680698482539456
seg_79c47a,2.9717969467955307
seg_79dc90,5.40849866658215
seg_79e301,3.7557633761323626
seg_7a09ec,5.339107550607399
seg_7a521c,4.210649563619596
seg_7a5243,4.6007928824640985
seg_7a9228,2.7859503760286035
seg_7a9f2b,0.7249789948664149
seg_7aeca4,6.92964947706976
seg_7b0936,7.505335430292941
seg_7b2994,2.628917287982288
seg_7b3017,8.696125529384142
seg_7b5f90,5.615743533808752
seg_7bb771,3.1755315693320347
seg_7bec10,9.180024555304698
seg_7bf143,2.602762499815549
seg_7c0376,1.8904736479220834
seg_7c10c1,2.4758720778697327
seg_7c2beb,7.438683025528011
seg_7c2c48,2.8906918763204694
seg_7c6c31,8.186262192700962
seg_7c88d1,2.984329932104157
seg_7c9433,4.674135423628203
seg_7cb417,4.1899892757555675
seg_7cbb45,3.762981983635181
seg_7cd6b1,3.930646176037392
seg_7cdfe5,2.711962060428279
seg_7ce9cb,4.3479689929632865
seg_7cef95,7.814670552512239
seg_7d17eb,7.792267432199562
seg_7d2535,2.109637679852258
seg_7d2e57,5.689409746043531
seg_7d65c7,8.193818930306183
seg_7d718e,8.734514951808316
seg_7d88e3,8.78485123610653
seg_7d994f,2.95287824170686
seg_7ddc30,7.308612723004443
seg_7df3dd,5.627698478208712
seg_7e3b3e,3.2401095582260857
seg_7e9eb7,7.991975340969123
seg_7eb108,9.180925289066131
seg_7ebdc3,3.5106290326244975
seg_7ed2dd,3.4004566683182667
seg_7ef97b,2.9763761314516213
seg_7efdd5,6.937614273818956
seg_7f3ab0,4.274151318774955
seg_7f5b6f,8.252449704580107
seg_7f786b,4.222469219668389
seg_7f93b2,2.8479824749225067
seg_7f9b3a,4.913897190755047
seg_7fa6ec,0.2829470378796585
seg_7fac26,8.958051412026153
seg_7fd3a3,4.0734038352225745
seg_7fd6b7,8.099021281646715
seg_80211c,7.442597660959188
seg_804fb5,5.908889318880846
seg_80622d,7.990011276784593
seg_807901,3.326871448205793
seg_80b9b4,6.316107691057364
seg_80fb86,5.872169552176061
seg_812962,4.014718634079917
seg_812a50,4.782738913642853
seg_813aab,1.9053523248649402
seg_814b1f,1.5007532294535288
seg_816b7a,2.7182853277133407
seg_818382,4.930336789460609
seg_81a8ea,8.916109568377369
seg_81bebd,7.21311760024175
seg_81c1a6,7.442677978065436
seg_81c432,3.9519202701395333
seg_81f798,3.404481668542467
seg_8200d2,2.6544533789249987
seg_82303e,2.680584325999553
seg_82316b,3.03036994963876
seg_8244bf,4.15729921565625
seg_82456a,1.3048883514036753
seg_826208,5.473282275773569
seg_827804,4.073860408853448
seg_827a21,4.245436794849232
seg_827c07,3.5047384790230574
seg_82c138,6.505039006807967
seg_82ce27,2.4161720040444186
seg_82d7b6,3.230922594012045
seg_830cff,3.170572026509938
seg_8310ea,7.325902439570897
seg_8324a4,5.402731119747701
seg_8328f5,4.102025363813957
seg_832a4d,3.867856117283293
seg_8344ee,3.417193022349823
seg_8353f5,9.1121025991229
seg_836aac,3.314734429957386
seg_836ef0,1.9296676360686553
seg_83bef8,4.1603825604076015
seg_83cb2c,3.6484719000002777
seg_83dc2e,8.231480357766037
seg_83ef67,8.406370544535365
seg_83f476,3.9601045351577144
seg_83f89e,6.334429591874362
seg_83f928,8.38960168419399
seg_8456d3,2.4986714302334296
seg_845a2a,8.270100344209386
seg_8472f3,8.038374155920406
seg_848695,3.344535773258174
seg_84a65d,8.882739663540423
seg_84b9d9,4.1134851091491464
seg_84c7fb,4.778262520006638
seg_84fc12,8.021919868652873
seg_8509db,6.312950496831857
seg_850d95,2.7015071221954106
seg_8515fd,4.50916237955421
seg_853302,7.218565257902143
seg_854d91,8.50610263698872
seg_857304,3.0205786871387894
seg_85762d,4.861735572087477
seg_8599ec,3.298428221689304
seg_85c1c0,3.6048692206928914
seg_85e90e,6.84290956433508
seg_85e9c6,6.80010525718455
seg_85fb0a,1.7873027874235867
seg_864fcf,2.3863710307015302
seg_8658b3,7.781044425887605
seg_86720f,7.273722064796064
seg_8681aa,7.74788204361063
seg_86892f,1.7754223201033998
seg_868c85,6.71858149871128
seg_86cfe9,8.096392913134723
seg_86d847,7.685150590770952
seg_86e874,1.8761459066308261
seg_87232d,5.135686342803217
seg_876904,5.785346459187483
seg_8773cf,2.798046521582304
seg_8777bd,7.724870533678426
seg_8785e2,4.668836875553264
seg_878d2c,8.469442091399424
seg_87a616,2.729537701628222
seg_87a67a,4.543836319759669
seg_87e4e8,1.400626280871189
seg_87f6c8,6.841910517935046
seg_8826f4,3.0214342547166146
seg_885f53,7.403601774564148
seg_8866f0,1.6449170551323606
seg_88a81d,3.368840055482275
seg_88b289,8.29872261682662
seg_890181,7.237472280439571
seg_89791c,3.4894655834117803
seg_89885a,4.182164235757189
seg_899bf0,2.6226141470044566
seg_89b090,1.698107933084256
seg_89d8a0,4.240323033551298
seg_89e207,5.016080778752917
seg_89eed6,3.4226272554347204
seg_89f975,2.48014581269232
seg_8a3306,4.070189744693083
seg_8a41bf,2.41365239087351
seg_8a6b0e,2.130564090258706
seg_8a7201,3.9395714552552232
seg_8a8220,4.902313092074356
seg_8a8375,7.637957275828002
seg_8ab3a7,1.5120374087968143
seg_8ae847,4.26014988057749
seg_8aeb99,7.805892102534532
seg_8b39c4,7.58799518596458
seg_8b798b,9.000621326843746
seg_8baeab,3.198785971422625
seg_8bc20c,1.5899829948158197
seg_8bde47,8.728707292546167
seg_8be2da,6.0564741272947025
seg_8be76c,0.8633812248184392
seg_8bec6f,4.752548491288868
seg_8bf229,4.334786536269694
seg_8c0114,3.889628152693066
seg_8c1760,7.441109397027026
seg_8c1cca,3.691159591263413
seg_8c1e7d,1.9143359852263269
seg_8c341c,7.575858924400159
seg_8c6d4e,3.2057985318942737
seg_8c6e34,2.7471355629225127
seg_8cd159,2.566926031251154
seg_8cdf83,4.09307493344198
seg_8ce632,3.110477687550551
seg_8cf573,4.404088722638372
seg_8d030a,4.553197746342196
seg_8d135f,7.900462163567057
seg_8d3a9d,6.830256231271066
seg_8d4435,3.9712922448954404
seg_8d4965,5.521773808176748
seg_8d5113,4.653773373566665
seg_8d6578,2.9701205194246447
seg_8d6a7d,2.894023080609666
seg_8da61a,7.141605838603738
seg_8db6f0,5.812623295107376
seg_8dcf3c,7.516041264120256
seg_8dd2ab,1.9867825476104857
seg_8dd3ba,3.804875235229582
seg_8dfc7e,2.491595450122341
seg_8dfd7a,1.0941700259270473
seg_8e5704,8.404237300311978
seg_8e6a3f,6.770305207256116
seg_8e7194,4.4110986356254696
seg_8e7fca,4.623643157180095
seg_8ebdea,8.229907615876966
seg_8f1127,1.448859253242426
seg_8f25b0,8.705927473041866
seg_8f3247,6.419661986537581
seg_8f3dfe,4.466445681163569
seg_8f4654,4.197998579650085
seg_8f4781,2.503837905684776
seg_8f5589,6.047206140031704
seg_8f592b,8.929922104920553
seg_8f6284,3.3503576376161646
seg_8fb0d0,4.671832771690809
seg_8fb29e,6.989906090160872
seg_8fb828,9.097271084909718
seg_8fc754,7.780646399134484
seg_8fd465,2.9660992765630003
seg_902074,7.548748239290649
seg_902bc1,7.23159450861852
seg_903aba,8.865257100052542
seg_907c52,4.488763212075444
seg_90a0be,2.063951925867481
seg_90b174,1.099383220715789
seg_90bf60,7.544947868340544
seg_90c258,8.191605553730408
seg_90e904,1.8839541620151794
seg_90ec68,7.786189387256102
seg_90ef18,8.446074016767026
seg_911066,3.0791744785393846
seg_9122aa,2.390039868392743
seg_913ffc,4.694772991180235
seg_914a62,2.887514146211236
seg_91596c,8.158667321639108
seg_915b3e,3.8100814041102757
seg_91607c,3.836041174509113
seg_919a6a,1.7140282092652304
seg_919c5c,3.169810942397266
seg_91bf8c,2.2998714921470884
seg_91cff2,2.6875678438376642
seg_91eaeb,4.72740051912486
seg_91f512,3.156372526182271
seg_91f664,2.7687016405335396
seg_91fc29,3.1936986428719307
seg_920132,7.189973457783485
seg_92092a,4.937225571914958
seg_922914,4.951456453543168
seg_922990,4.141518676481468
seg_92310f,5.323264365916296
seg_929ded,4.3043951216156415
seg_92a5f1,4.1762062100982815
seg_92af10,8.358506295702501
seg_92b095,2.653037632161095
seg_92bd37,4.419340207926481
seg_92be9f,4.297076475975245
seg_931244,8.047804787851028
seg_93211c,7.760234178818954
seg_932828,9.181616282155618
seg_934087,2.760113551018275
seg_939f5c,5.8779439390156405
seg_93d864,4.1209395515302685
seg_93f935,3.050647869895145
seg_941759,6.949250710418836
seg_943de0,7.913113469056152
seg_944c98,2.6374614871300235
seg_945bc8,3.050987323103555
seg_946d71,9.026411001079214
seg_946d9a,3.891029533950505
seg_947700,4.312800569966535
seg_9485c0,4.260215199894798
seg_94a133,5.11021379920086
seg_94aa0a,7.247154090929237
seg_94c48c,7.298807876210309
seg_94d150,2.8141195806252965
seg_94d573,7.777938733068041
seg_94ecad,7.72875390886148
seg_950048,4.8564994358194475
seg_952faa,2.524881231066094
seg_95357d,4.2118828144070415
seg_95644e,4.336740352570221
seg_957ece,1.449025560174228
seg_95b321,2.4251206770040072
seg_95f45e,7.040682001513224
seg_961d02,2.8469097384766324
seg_961ddf,3.616367317914002
seg_9626a4,2.671783083018716
seg_96642e,4.012138974754165
seg_966f3d,2.1039944167194005
seg_967ae4,7.241878425377729
seg_96cd5d,3.7777628828200713
seg_96dab2,7.927591499346873
seg_96db5e,5.304045647616851
seg_96fa35,3.2700350652333174
seg_970b35,3.774282658715362
seg_970e86,7.5216360176238135
seg_974049,3.2370503436059805
seg_9757ac,8.957091766473432
seg_979a8f,2.860780374064116
seg_97a161,5.64242433185285
seg_97ad82,7.248265812843122
seg_97d9ed,7.145660174157975
seg_97e4a9,8.009217983453802
seg_9802c3,5.343010000013473
seg_9825e0,6.034321095653855
seg_983778,7.387092572955038
seg_986976,4.51641551580591
seg_986b6e,8.960037212924965
seg_9872f9,3.9800905642072553
seg_988e69,1.9889193531756626
seg_98a819,6.629449388241996
seg_98be13,4.984669331957886
seg_98c0b6,3.4354132356756626
seg_98c44d,4.1048606401523315
seg_98c544,4.244362651568739
seg_98ebaa,7.213570904955643
seg_98f624,7.326574359712028
seg_9940e8,8.170884727598166
seg_996c37,9.035872260783494
seg_99ccbd,2.757978975049181
seg_99f677,5.6896713565228385
seg_99f76c,3.5545951222692347
seg_9a1a4f,4.632890938206605
seg_9a1c76,4.098029153474481
seg_9a43ef,7.2930279881935425
seg_9a6025,5.557360005797311
seg_9a74d8,6.188955557556118
seg_9a7c46,4.478916716370263
seg_9a7d1d,1.8778183339864993
seg_9a812d,3.652999984304932
seg_9a81a3,5.399491577783247
seg_9a8a1f,2.1570883247119617
seg_9a9041,6.246400591168511
seg_9a92db,4.905181319447873
seg_9aa6e2,2.279173146518657
seg_9ab405,1.993003230915131
seg_9ad261,4.467565216841979
seg_9ad925,7.595859898022413
seg_9ae1a1,7.8328481937082755
seg_9b0439,5.320020163147304
seg_9b44d2,8.225765881991546
seg_9b7ef8,8.573623145178026
seg_9b7f93,4.541325470875497
seg_9bab11,8.011418256572187
seg_9bd388,5.990469894974127
seg_9bee43,2.6954892232716334
seg_9c00d7,8.826570065104839
seg_9c090f,2.2842735127550986
seg_9c2843,2.3139313401696273
seg_9c3d6a,8.792079113411935
seg_9c3ef8,7.894972366958899
seg_9c635d,8.252479528240553
seg_9c6715,2.4595050893021217
seg_9c8162,5.023439638001229
seg_9c8bc8,4.198241163642911
seg_9ca72e,2.6057118264338954
seg_9caf50,7.357571444276003
seg_9cb464,3.9578843896952822
seg_9d1b26,4.700171162926617
seg_9d1dbe,8.911701130154157
seg_9d2528,4.922964632059149
seg_9d3013,7.198715749251122
seg_9d452d,3.0413742817331513
seg_9d57a1,7.347916092665108
seg_9d68cf,3.361853448552033
seg_9d6ff0,2.992561704730391
seg_9d7490,3.879527509703141
seg_9d79d4,3.704717843033047
seg_9dcae1,6.6722104075197075
seg_9ddc99,6.510023073598775
seg_9dea8d,6.575525252693334
seg_9df32d,3.9741812220664174
seg_9e25e9,2.5648972156906242
seg_9e3837,2.9742765251060357
seg_9e61da,2.0448119302235814
seg_9e7dff,3.313384069360282
seg_9e8323,2.666350491395383
seg_9e8ca4,8.596842375458076
seg_9e962b,4.775667284452751
seg_9ee0aa,7.218325055123546
seg_9f042e,6.2845992370779244
seg_9f12c6,3.289315621337837
seg_9f22a0,7.570214434472428
seg_9f4fd4,7.873957042718235
seg_9f57c4,7.4195757757068375
seg_9f6315,3.126876404962712
seg_9f7542,8.93087425382678
seg_9fc7c2,2.6283278997765795
seg_9fd9b8,3.220305656429734
seg_9fe8b9,5.637319268173758
seg_a00985,4.146144021459638
seg_a009e6,7.163343228374308
seg_a03e6a,2.9805835546857327
seg_a05c22,2.8335836312652756
seg_a06228,6.132428717415198
seg_a0646a,2.3006600723812665
seg_a0979e,7.727852057982452
seg_a0a423,2.562886971777973
seg_a11dd5,3.045257266930376
seg_a12acb,3.765612492827027
seg_a133bc,4.215527748133794
seg_a14212,4.0737325441586805
seg_a16a1b,2.76810200677681
seg_a173d8,4.149032997735486
seg_a18246,7.269349292107944
seg_a1a511,1.1827722276340376
seg_a1acb2,3.888294214969039
seg_a1b3cc,4.066327381563849
seg_a1d8da,4.931365720214595
seg_a1e5b0,8.095829369684655
seg_a1edc1,3.8273729428381413
seg_a247ac,8.610052525026434
seg_a25c46,3.4922779953016323
seg_a2986f,6.498281668394012
seg_a2c108,8.767359711900825
seg_a2d47d,3.799215730578846
seg_a2e2c8,4.0843446429829315
seg_a2fd8b,2.810619664627598
seg_a31d6e,7.670551597429863
seg_a31fe3,6.823580385117105
seg_a35c82,7.439489415353561
seg_a35e7c,8.878810060821701
seg_a39ebc,3.6851419318934053
seg_a39f3b,7.067125944892346
seg_a39fa8,7.910359496133397
seg_a3ab46,3.7537609197166155
seg_a3d4d6,2.580363506347908
seg_a41c2c,6.36702605804104
seg_a4208a,4.361546971125668
seg_a420d4,2.7001634976339264
seg_a436bc,7.606693155370104
seg_a437cb,3.4454167542000764
seg_a45455,4.539295597603527
seg_a47cce,7.87369689389844
seg_a489e1,5.52956894990438
seg_a49ccc,3.183378803119041
seg_a4ad7c,9.000346261484543
seg_a4e745,7.752341927609115
seg_a50d28,7.916965860047367
seg_a5271e,1.9762549325274856
seg_a53e4c,4.382715334679209
seg_a543e5,8.071315147037811
seg_a55540,8.277024958478668
seg_a55a17,2.5088922061320575
seg_a56c04,4.175114043365923
seg_a58a6e,2.366547850717863
seg_a5934a,9.328126701442821
seg_a5d37f,2.468487247246836
seg_a5dea6,8.45108078183264
seg_a5f4dd,4.117549970625934
seg_a5fbcc,4.181607785982041
seg_a61e1c,5.114908520546751
seg_a63573,5.327436090131994
seg_a674d2,7.924376312465363
seg_a68007,2.772143275904707
seg_a68ffb,7.251564088243705
seg_a69246,8.087350933063425
seg_a6959c,8.163383432741892
seg_a6bf91,5.980090435654126
seg_a6c5cc,1.851118106848442
seg_a6cd86,4.427881490117462
seg_a6e801,1.987043776679203
seg_a6e99c,2.3814514956698813
seg_a6eed3,2.9466670762748994
seg_a704ee,5.286395866554555
seg_a7561c,2.32510958566723
seg_a7b454,2.7865179764696184
seg_a7d0eb,3.8676920248736515
seg_a7e49b,5.3078164361827955
seg_a80123,4.459600021667605
seg_a802fa,8.326392858411575
seg_a80f6f,6.152805579746176
seg_a82229,7.870213643270026
seg_a84c13,2.299017966112325
seg_a86231,4.871421931982766
seg_a8685e,6.5691312050988175
seg_a86a05,5.617684305746816
seg_a87e79,1.673733642008688
seg_a88097,8.983660636492193
seg_a88dde,6.641841700727239
seg_a8bb2f,4.965168114960152
seg_a8ddf7,2.7385037274114086
seg_a8e6df,5.48297876968275
seg_a8e71a,3.3633074342610185
seg_a9089b,1.1254667730636898
seg_a91c03,7.620143898404459
seg_a93a88,7.231306832345177
seg_a96b47,3.431349435162073
seg_a975df,2.9985654274950266
seg_a99161,3.6518279858429694
seg_a99799,2.5593330106304153
seg_a99be9,7.588349412508924
seg_a9a820,2.2583400698295533
seg_a9b957,3.458896879698733
seg_a9f80e,7.326094159991371
seg_aa0180,3.27617590892883
seg_aa1adf,2.5768797927481333
seg_aa508a,1.9930011335710454
seg_aa78e0,6.101623138869133
seg_aa7a4b,5.022171064864691
seg_aa98cc,0.24851480650097885
seg_aa9b8e,6.7524944253729275
seg_aaa2ae,2.016390388828646
seg_aabc52,7.550772184075488
seg_aae025,8.241121859286276
seg_ab001b,3.8505018224349015
seg_ab15ad,5.9322430339598915
seg_ab2a78,2.978299456993182
seg_ab3f14,7.450917910255881
seg_ab4bca,2.0913000459786755
seg_ab644e,4.595495918410736
seg_ab70bd,7.168213077459731
seg_ab9654,8.924037138910196
seg_aba501,4.05566521582585
seg_abaad2,8.055369969898349
seg_abb03a,4.24395645601051
seg_abb06a,5.327145111644486
seg_abc5fd,6.890851705388472
seg_abda04,7.443681315812406
seg_abeca6,8.11588882965839
seg_ac45ae,6.267334653282075
seg_ac5c61,8.937215997999083
seg_ac68bb,2.4325749277697177
seg_ac9de5,2.725932108019836
seg_acd715,8.390244516665446
seg_acf2f4,7.1282869256677435
seg_ad3a44,3.0274416545337233
seg_ad3cf0,2.2948913481137905
seg_ad591c,5.7065533739918575
seg_ad759c,2.5003531329158943
seg_ad82ca,6.904234800571468
seg_ad949a,2.940544728922534
seg_ada42c,3.038476132406578
seg_ada81a,9.083651504812828
seg_ade769,6.494633329488251
seg_adf94a,1.522181461636832
seg_adf986,6.551359724070593
seg_ae32a6,5.8419056213439005
seg_ae3388,7.670730988097481
seg_ae3d92,3.7560595615694963
seg_ae42b3,8.936878249704993
seg_ae9626,2.007979011760561
seg_ae9761,7.2987920135141
seg_aec276,8.824128556456117
seg_aed434,6.960572039176115
seg_aee7c0,8.100233302787784
seg_aee9bf,2.810559578167853
seg_aeeb31,1.5844168936604068
seg_af1650,3.3631132733383144
seg_af2472,2.6571474152898347
seg_af6204,4.717900424258784
seg_af703b,8.446248214650073
seg_af959f,7.886648817996451
seg_afa4a1,6.454199257238179
seg_afadfb,5.97867662135589
seg_afca81,3.0739258894350505
seg_afd665,4.821989494600608
seg_b00f05,7.449628620754761
seg_b02e31,8.170036289975819
seg_b03de5,8.09253665668779
seg_b08e9d,8.353563499884796
seg_b0a794,2.4944765190243334
seg_b0bf65,3.3480431331612848
seg_b0cf32,8.191445276670114
seg_b0d251,6.1165029260247445
seg_b0f9cd,5.942002663385169
seg_b108c9,3.6676898893399446
seg_b13220,3.058961354230486
seg_b13fb9,6.015470956987822
seg_b197e2,4.577416138029813
seg_b1a35c,7.989618200038403
seg_b1b95e,3.167728551989564
seg_b1fea8,3.745010474101542
seg_b20487,8.453084842181864
seg_b21273,4.626218276909795
seg_b23489,2.596606994522343
seg_b253ee,3.348976573877309
seg_b25dde,1.1321285528867175
seg_b26368,4.12042222490028
seg_b284b2,3.375163063836727
seg_b291c0,3.1098549609520916
seg_b2b29d,8.004330157013248
seg_b2b331,3.9437058265571143
seg_b2e045,3.77063978021958
seg_b31961,4.020681432388587
seg_b32d1d,3.325016030555247
seg_b35174,0.7654853479143207
seg_b36650,2.215270015264101
seg_b36c8a,2.492624658760528
seg_b378bc,2.085121171379083
seg_b3883e,4.664968670382607
seg_b3cf21,4.22406410248635
seg_b3d886,2.573383093937273
seg_b402ac,6.072177240564911
seg_b41d3c,4.047478663419704
seg_b42170,3.0189370017436
seg_b4402d,8.727486258321417
seg_b44c2e,7.860356769564185
seg_b47c19,6.522291996581233
seg_b4c040,3.5571017552885595
seg_b4cb44,9.039402128858157
seg_b4f7a8,4.820150004202921
seg_b50239,2.007318798769665
seg_b51380,8.112225995409219
seg_b51b7c,5.210842045018857
seg_b52710,3.1936879974520185
seg_b52add,7.565997357964595
seg_b52dac,3.9270830386328006
seg_b54024,2.5242832762777683
seg_b568c6,7.162651406075433
seg_b57e76,5.927057788405015
seg_b5804a,2.9697356485895043
seg_b58542,4.181247850796723
seg_b5a447,6.529773006918957
seg_b5aee9,4.827690064493951
seg_b6254c,3.2180456124343273
seg_b63de1,2.214841934135993
seg_b64c9c,7.504944382053236
seg_b66b87,2.0591469029537026
seg_b686e5,0.5749665554752935
seg_b687fc,3.8111247062257685
seg_b691c5,2.106470909197907
seg_b69455,7.389053690033882
seg_b695b3,3.795084530474057
seg_b6bdaa,7.195518622390939
seg_b6c10d,7.648046512144325
seg_b6cb2b,2.7606029183547545
seg_b72413,8.141363345000382
seg_b735a5,7.590962194841863
seg_b77bf5,8.097506050752902
seg_b782c7,7.308971958331605
seg_b78883,8.342001081803124
seg_b7a8a1,5.236011059601768
seg_b7b098,3.9184155701505494
seg_b7da0a,2.595990418071676
seg_b7eeb6,6.148950711462819
seg_b80358,8.71995288268252
seg_b80366,7.460558313329268
seg_b80b89,4.6221222265552475
seg_b8141c,1.9609820933737163
seg_b853c1,7.910425277019488
seg_b853f8,6.2077697486966334
seg_b86ce1,4.007524191536618
seg_b8725b,2.543916106966448
seg_b8745c,9.06988986041126
seg_b87cf5,8.184034055865517
seg_b88baa,7.74338799895401
seg_b89218,9.231756950080149
seg_b89e47,2.980076120573474
seg_b8b72f,3.988156332859308
seg_b8bb87,8.468872655553737
seg_b8fd73,7.665234785820831
seg_b91011,5.3757232916273505
seg_b917b5,6.934659122347938
seg_b91ae2,3.9656636686060196
seg_b9361a,4.055599135789706
seg_b9365c,2.837406631813297
seg_b947ae,3.3224359065340074
seg_b95010,3.209214610407716
seg_b95a77,7.673104774285301
seg_b9619c,3.7940516649290146
seg_b9ad7f,4.751983621498954
seg_b9bdd7,4.300082897189537
seg_b9d8a0,5.989014987631946
seg_b9de03,4.052329709469482
seg_b9ec4b,2.9816577937868125
seg_ba0485,7.772246288529838
seg_ba1d68,2.4038497362076128
seg_ba2c48,3.9918043057769395
seg_ba3c47,2.538962952118566
seg_ba3e74,2.917685090618001
seg_ba4ea3,8.269177284342918
seg_ba5e7e,3.6857972487215105
seg_ba83da,3.7903837405138145
seg_ba941e,7.238378303993953
seg_ba98dc,2.9420226132480507
seg_ba9dbf,2.3950912389790537
seg_baa745,4.857748085325248
seg_bb171f,6.9388518599563636
seg_bb180c,4.313275699753252
seg_bb2d77,3.6488724115409985
seg_bb5e15,3.325273158623711
seg_bb6904,2.022485875915444
seg_bb6fcb,5.179769537519263
seg_bb92b1,4.464263227431751
seg_bbb01e,6.656607371306736
seg_bbbc30,4.186186642804525
seg_bbf805,3.642344676236566
seg_bbfd4e,8.202956932467718
seg_bc07c8,1.562486903486995
seg_bc1d67,6.822073966329932
seg_bc2186,6.88122642701576
seg_bc437b,8.667125062545882
seg_bca500,5.214845118062005
seg_bcc8f1,4.625592263237248
seg_bce23c,6.1539346866833515
seg_bce305,3.7856207673084423
seg_bcf2d9,4.316493458908667
seg_bcf6af,6.521472876531503
seg_bcfad6,4.886601313041222
seg_bd00c4,3.284594840484019
seg_bd2b0c,4.476491237953957
seg_bd31bf,4.516009229477847
seg_bd40f2,7.339286369655985
seg_bd4d30,4.891082554588483
seg_bd5022,1.5264429935271346
seg_bd629b,3.8953676700486204
seg_bd6f5f,7.770900827396712
seg_bd7109,4.253432673222287
seg_bdae02,9.03028147461865
seg_bdf84b,5.771981474695595
seg_be0cdc,1.874085376145229
seg_be0dfa,7.7914382357865755
seg_be19e2,7.719427340896771
seg_be30ce,3.942978679121666
seg_be4612,8.691584823041472
seg_be62ef,6.4246361022139435
seg_be65f2,2.3240675006831926
seg_be811d,2.58521638937766
seg_beb650,6.702705126285401
seg_beda44,4.609669103924149
seg_bee792,4.059285553255231
seg_bf1294,1.970319466930358
seg_bf1430,4.873676888619208
seg_bf1a72,4.251627378963782
seg_bf2d1f,7.647551264061859
seg_bf4bf2,1.0062156925565802
seg_bf4ec0,7.28987250258064
seg_bf58ce,7.62942061415048
seg_bf7224,2.5208939111317856
seg_bfdd14,0.662833526118476
seg_bfe0b6,7.695521905547509
seg_bff05e,7.635404722930394
seg_bff392,2.2529275409371903
seg_c01a57,2.0314682404590627
seg_c01d9a,9.295901294751667
seg_c01f63,7.784031130500308
seg_c0260d,7.397792025426955
seg_c047b7,4.350138463773654
seg_c05a7d,8.441665863572036
seg_c07b7c,3.5583390613447627
seg_c08d36,4.373086348965631
seg_c09a41,2.95427271094492
seg_c0c0ed,4.687223842682567
seg_c0d7da,3.155300139498777
seg_c0e1b9,3.4822839747283396
seg_c0ea9f,5.3673533355980245
seg_c106ca,3.574332780002979
seg_c10a58,7.71543037203918
seg_c11828,2.3735537196717593
seg_c11a4f,2.915532800181101
seg_c12d7d,9.091772165687328
seg_c146a8,6.288648161407165
seg_c15d21,8.173599580622286
seg_c17817,3.055134679269996
seg_c179f8,4.5326310369126
seg_c183e4,2.8325682911954124
seg_c186dc,3.938986708972951
seg_c18d5a,2.3410796447955615
seg_c1fe9a,2.8978737233016534
seg_c20a27,4.7502413158128425
seg_c20c06,2.5559450689449545
seg_c21723,3.9108436186749715
seg_c21d60,4.012875543017771
seg_c22bd4,9.04937422416312
seg_c23429,3.7201887322073897
seg_c23641,3.3980171117593447
seg_c243a6,0.386873097899205
seg_c24946,3.585927430115931
seg_c25855,8.772478353139471
seg_c267a5,2.7443369792891334
seg_c26fb4,2.324847309035946
seg_c27591,3.7112518007794764
seg_c2a0c8,3.6084284953487966
seg_c2b8f7,3.34664419772623
seg_c3507f,5.133800571787566
seg_c35940,2.031649166392318
seg_c365de,1.5866586982547326
seg_c3836b,3.277334628060225
seg_c3f672,7.411964729275275
seg_c3f8d7,3.27799416801464
seg_c41d1d,3.723565108803397
seg_c42490,2.8209118769021333
seg_c42952,4.935142022968406
seg_c44bbc,2.4281936178427697
seg_c46ce6,2.696854687354613
seg_c472cf,7.95002815213023
seg_c47bdc,7.157602488750906
seg_c4af54,3.893759167741112
seg_c5064e,7.497969792003001
seg_c509ff,4.377878517635085
seg_c522f8,7.265298657674289
seg_c5256d,4.900656002221142
seg_c52ae6,2.0390332290028277
seg_c5325c,9.166240505776004
seg_c550b1,9.18297561104567
seg_c565bd,3.92741860838654
seg_c571ef,6.975834299015333
seg_c588c1,8.239760239955539
seg_c58ca5,5.936440592106472
seg_c5abaa,6.5942687225155785
seg_c5c455,1.888239163953848
seg_c5c6ea,4.685862730943779
seg_c5dada,4.856339522406386
seg_c5dee4,0.8422683072739289
seg_c5f986,3.6522454993036493
seg_c5fc3b,7.569099534965011
seg_c5fc87,4.006765594599727
seg_c607eb,2.1547373609891705
seg_c60dca,3.7301480200709562
seg_c60f1d,2.3131913850689623
seg_c627fc,7.274698740233562
seg_c62a06,2.6952765205019396
seg_c65135,2.5935074184743017
seg_c654e7,4.244863330246209
seg_c666dd,4.268204079155065
seg_c671f7,6.711482112853071
seg_c6b514,3.6729981870536355
seg_c6c29f,2.700919733021555
seg_c6f0a2,3.8707792531647613
seg_c6f533,3.2965871439002585
seg_c6f9c2,2.3875553878764113
seg_c703be,5.718802658762846
seg_c70fde,5.746591743685436
seg_c714d0,8.859113711779752
seg_c73df6,3.461881075910242
seg_c747ad,8.805985759616872
seg_c747b4,3.2313349171496317
seg_c7a3bc,1.9151926669177628
seg_c7a401,4.348718098126256
seg_c7a579,7.351379385775503
seg_c7b424,8.283170000943812
seg_c80857,0.32409445951087346
seg_c81e10,8.007468467422774
seg_c81fec,4.264395319534468
seg_c8459f,8.78473960275032
seg_c87c24,4.923296751961752
seg_c901c0,2.8205177588142174
seg_c90be5,9.125657164786665
seg_c9201c,2.81594088068035
seg_c9481f,5.737228083657526
seg_c94941,0.8927091782970442
seg_c9831a,0.8213757173837817
seg_c9e533,7.691597336801281
seg_c9f80a,2.495487746877983
seg_ca2d1b,2.7414651686852816
seg_ca407b,4.638754532396883
seg_ca44a8,4.1220968386748975
seg_ca67ee,3.857156222959189
seg_ca6d70,1.8196398519241441
seg_ca8389,3.2960543697089655
seg_ca88e3,8.703630551343037
seg_ca9e39,3.7089876363423975
seg_caa919,4.791672374926361
seg_cacd0a,3.9837781089725146
seg_cacd58,4.661843353765473
seg_cb0e21,9.03941388665964
seg_cb806c,3.08966880755508
seg_cbcce9,5.337820609525321
seg_cbfb19,6.059386812210276
seg_cc096e,7.970778621678907
seg_cc2c46,4.4253031097114315
seg_cc2e9b,3.2835382832270668
seg_cc4199,7.612982337949459
seg_cc4932,7.9606575913308175
seg_cc4950,2.578903253911732
seg_cc667b,2.991610746267739
seg_cc7a19,3.7706565802761385
seg_cc7e39,6.148867783544409
seg_ccdc28,2.2836721317591833
seg_cd0691,1.756074506134243
seg_cd2b34,4.887376238996595
seg_cd2b53,1.3090320906804855
seg_cd352f,7.392805273487917
seg_cd43b4,7.81906887532023
seg_cd699e,2.5448445590944515
seg_cd9f9b,6.791782304506728
seg_cdadb5,8.087557004444601
seg_cdf88e,2.4089394413867775
seg_ce00bb,4.729520174720908
seg_ce46ba,1.5813631777414812
seg_ce472b,8.144754744388965
seg_ce5520,1.8469454852640834
seg_ce5832,3.1028711769093236
seg_ce72e2,3.7537651248731754
seg_ce7537,2.5812353220327413
seg_ce9f59,2.6435548397492132
seg_cea185,5.480381824088628
seg_ceab44,7.4527050404923685
seg_ceb942,2.009661099421167
seg_cec2f2,5.752813410833735
seg_cecd29,5.569989919617492
seg_ced992,2.3343735619581025
seg_cedf3e,7.860946363973676
seg_cee7d0,9.094223345511503
seg_cf0e43,4.068173341830047
seg_cf1371,3.387286903276287
seg_cf25d2,3.340395254245624
seg_cf3825,3.7566124241312213
seg_cf5764,7.493107438046808
seg_cf646e,5.904978415241211
seg_cf74e8,1.9523606169771766
seg_cf9a49,4.939686193358147
seg_cfed24,3.4712525611780953
seg_cff594,2.211745072317422
seg_d014a3,8.999073924048908
seg_d0598e,3.0362515797054668
seg_d062a6,8.722977876948576
seg_d07c62,2.4079127523727064
seg_d07ce8,8.424549779425062
seg_d098df,7.962853532737065
seg_d0c280,0.9202415970546918
seg_d0c8e2,3.3913768961741386
seg_d0f262,4.648805132564743
seg_d0f803,3.277366366547725
seg_d1045e,8.636347055837012
seg_d11ca8,8.140371416716794
seg_d14524,4.4382072536219
seg_d146a6,2.5948319238661024
seg_d16534,5.862239336943447
seg_d19980,7.346199783346281
seg_d1a281,5.0640872976519065
seg_d1a2b9,2.8018708481270003
seg_d1a8b3,2.8065553569827593
seg_d1abaa,8.14388728888555
seg_d1b91e,6.065132723299789
seg_d1ca05,8.206204538062496
seg_d1cb37,9.161720364588115
seg_d1eee8,8.445625214877584
seg_d1fbb8,7.442654587286223
seg_d21066,3.814502819877758
seg_d21eb6,6.096640324825556
seg_d24095,7.890247497431526
seg_d247da,4.554706714924486
seg_d2551a,8.983467561033015
seg_d26f7d,8.97310329379037
seg_d27193,3.014395611608306
seg_d27812,4.894252538941686
seg_d29a4b,4.860587622618966
seg_d2a533,6.303072363016787
seg_d2ad9a,1.9347559131774523
seg_d2cb02,4.379117186100137
seg_d2db6b,3.0025644640286693
seg_d2f588,8.214546596990983
seg_d30a9d,1.7820436159623878
seg_d31583,9.026789292367914
seg_d320f5,4.679978249514183
seg_d328bb,2.426909783785993
seg_d32f71,3.9311447090511678
seg_d32f8a,3.940398140081092
seg_d35274,3.6145874264483107
seg_d356ab,4.073140431133304
seg_d35e50,5.382933940130913
seg_d36055,8.862275314441277
seg_d36342,7.431966257279204
seg_d36681,8.784859693342495
seg_d36737,3.692529827728663
seg_d37b05,7.259430989842587
seg_d39131,8.605446963025509
seg_d398df,4.81649104452009
seg_d3992e,8.009775006698126
seg_d3bb14,3.55673388955299
seg_d3d8fc,3.367210726241303
seg_d3f6b0,4.737672075596564
seg_d3f967,3.9546294341184476
seg_d40bb2,9.002836029868469
seg_d41daa,8.152611600143397
seg_d42c77,6.47502342060967
seg_d44589,3.4054368575909373
seg_d47aba,3.435443237533802
seg_d4c763,5.9721416043199715
seg_d4dec8,5.488670901815093
seg_d4ea17,7.656135361047865
seg_d508db,4.899099918358304
seg_d516e3,8.033522228331789
seg_d56ae2,7.396113875184159
seg_d56d32,7.805289101915684
seg_d59e4e,2.8771123645699124
seg_d5b100,3.9813997540109507
seg_d5d3a1,3.395232460978627
seg_d5dbc1,3.5047285479882677
seg_d5df41,7.355779763462187
seg_d5f344,4.491778903067307
seg_d60d18,4.070856809653202
seg_d62e9c,2.1835405613721792
seg_d63175,7.258015293582664
seg_d661ce,3.5485263480429805
seg_d668c0,7.752692156792241
seg_d68930,8.714228407307273
seg_d693b0,7.422793479479721
seg_d6b198,3.4243117026328673
seg_d6b386,7.236561966670035
seg_d6b546,7.923286594669519
seg_d6dad6,5.824334165022987
seg_d6ea73,3.242029409602962
seg_d702b2,7.12051940430841
seg_d71352,9.093276447958623
seg_d740b2,7.741881022532292
seg_d753f8,2.0166643522720924
seg_d78093,3.417320530459303
seg_d78e7d,1.643915033723298
seg_d795ab,7.388318117837169
seg_d7967e,9.066447797686441
seg_d7a805,6.245366512556943
seg_d7ab50,3.679780707543278
seg_d7f015,5.318393418731416
seg_d7f53a,3.5456112134507403
seg_d8014d,3.9409241057326208
seg_d83890,2.73514744808546
seg_d85e2e,4.011750997780573
seg_d86eb6,2.611365467794517
seg_d88da7,7.81882575011316
seg_d89369,1.8050895629570871
seg_d90c5f,1.721431397340252
seg_d91492,6.465840956461423
seg_d9190c,4.139888389875228
seg_d9352b,6.6822581176391225
seg_d962cc,8.682215316335194
seg_d9750c,4.35313126908309
seg_d9a2bb,3.7901947789364
seg_d9b162,4.703762903111883
seg_d9bb68,5.6524789618572475
seg_d9ce67,2.559082689384266
seg_d9d0e4,4.816859429683874
seg_d9dab4,8.783749004924799
seg_da21ee,7.747796235844567
seg_da7c3b,6.871762757815411
seg_da80c4,8.671608090928238
seg_da8b88,4.9577192043587095
seg_dab0f9,4.906268280749295
seg_dad4f2,4.953557224484792
seg_db3446,7.983541373627161
seg_db3a95,4.31450026949331
seg_db3fbe,8.679928949116084
seg_db4185,3.5512025366623807
seg_db606c,7.27356207965252
seg_db694a,4.998889696300545
seg_db6d5f,7.226037403731885
seg_db90c0,3.4676220871953043
seg_dbbb44,5.1896931679786595
seg_dbc615,2.4117738122432524
seg_dbf3f2,1.8645963056541908
seg_dc188b,4.375558553283714
seg_dc1cf0,8.092560037470692
seg_dc23c0,7.186768478388695
seg_dc4698,2.8133583028985027
seg_dc5e63,3.856653740382969
seg_dc6e94,3.755350189984111
seg_dc73b8,3.1528649145821963
seg_dc7e0d,1.923110580233078
seg_dca2c2,8.95994790874739
seg_dcb51d,3.382855998247191
seg_dcbe02,3.9773178830105524
seg_dcd9df,2.389842026757189
seg_dcee28,4.676750417174426
seg_dceeca,3.4511383968734695
seg_dcf242,6.202119558082777
seg_dcfb4b,8.813107830132202
seg_dd0b11,2.6403732564123517
seg_dd4594,4.254773401151006
seg_dd699c,2.1419855751735226
seg_dd780d,3.9985349158087855
seg_dd8805,7.238899576521874
seg_ddbadc,8.177420086431274
seg_ddc800,8.80444133083037
seg_ddd206,5.008408021799974
seg_ddddf0,3.443413554819681
seg_de225c,9.023180576757703
seg_de3237,8.994129957848653
seg_de3d5e,3.458783794044424
seg_de4e1d,4.180706109666157
seg_de8180,2.9568784499729044
seg_de98fa,2.2806613290380806
seg_de9e32,8.281216975708517
seg_df0df7,7.593656793138631
seg_df352f,2.2131013458546316
seg_df45b0,6.230312331798224
seg_df8385,2.7299159898155527
seg_df8e0a,6.918009003567586
seg_df99d4,3.921321639623888
seg_dff078,4.818627118983979
seg_e00465,7.371291641632523
seg_e051bc,3.822014057231911
seg_e05de2,2.607699432290547
seg_e067ab,6.401467432679838
seg_e09301,1.7914337103836122
seg_e0c329,3.6512583529187883
seg_e0ce38,5.8562286462737525
seg_e0cfd4,6.260739490970503
seg_e0f296,6.919581647503992
seg_e10d3b,8.407253943346706
seg_e13bd8,4.164436658436308
seg_e14149,4.776002968448393
seg_e1468f,9.191265132385958
seg_e15cb9,5.87386628705787
seg_e197b8,3.8804708062676263
seg_e1a9e0,8.404625579542927
seg_e1daa0,6.264850958843926
seg_e1f045,5.188988156063241
seg_e1f081,7.694756165178836
seg_e20d76,5.826620896255097
seg_e217fc,4.8328651138008265
seg_e2209b,4.02673598850022
seg_e24496,7.7882436272225295
seg_e24f69,3.9295303640646133
seg_e256bd,3.023544797320544
seg_e25aca,4.355794826233886
seg_e266f4,6.326439026140257
seg_e27c0a,3.937859133800865
seg_e29670,3.6660889698744428
seg_e2b8b1,8.150138162541795
seg_e2c82c,3.3944580160489037
seg_e3005e,3.159248830505725
seg_e30e44,2.0284511624218524
seg_e30ef5,2.0713755123211377
seg_e34052,2.960958533050342
seg_e37b8e,3.579298392772884
seg_e3b1f1,7.232058158592078
seg_e3ca24,6.905658019262181
seg_e3cf1a,4.444594408321573
seg_e3d751,0.35162666656322444
seg_e3dafa,8.187979113457292
seg_e3e762,7.708309698491457
seg_e40348,4.8088013975184305
seg_e405fe,3.2476410983330317
seg_e40d64,8.16476897657192
seg_e41fc9,3.9036316004361997
seg_e47d2b,3.1461208549988084
seg_e481c7,6.124004549426023
seg_e48c23,7.367248751475044
seg_e49750,4.556970889715858
seg_e4c15a,4.35304431579385
seg_e4f203,5.180097285353816
seg_e4f403,2.8767229148574693
seg_e50f16,9.108284355912305
seg_e52f8c,5.199956596392182
seg_e53a52,4.165282738772618
seg_e54932,7.4579257891278985
seg_e5750a,8.21986350615189
seg_e59dca,6.521799842724475
seg_e5b510,3.6708576162313014
seg_e5c033,5.919110276316052
seg_e5deec,3.0449597575309757
seg_e5e238,2.9902261739771028
seg_e5f9ec,7.61564724613459
seg_e5fbc1,0.8800083812868287
seg_e60719,8.151258447572786
seg_e6307f,7.446393851349213
seg_e64dfa,6.591690596562031
seg_e65e69,3.295547877165301
seg_e66697,3.3756165279607417
seg_e6b236,6.936810947267376
seg_e6bd3f,3.651943514043164
seg_e6c973,6.135931787369626
seg_e6e1df,3.7860260607612535
seg_e6e24e,6.146001094811575
seg_e71dda,4.814802980798916
seg_e72f10,6.1403095796801805
seg_e742dc,8.047625466766322
seg_e76e6e,2.866861649793052
seg_e7ac12,4.172839113048192
seg_e7ced6,8.625999041715064
seg_e7d1f8,2.7354269518857732
seg_e7d3e7,7.461383815165176
seg_e80726,3.765497145288307
seg_e81b50,3.7779330548079098
seg_e8385f,8.248780531057278
seg_e85f55,1.8596702538139014
seg_e86e44,3.887465994529828
seg_e86ed1,8.798972832697784
seg_e86f77,2.741271040777129
seg_e877a5,4.75255773960415
seg_e8a2c4,5.121737942051441
seg_e8a4f4,5.646137497666092
seg_e8ac98,2.455914167295335
seg_e8ad6b,3.972495311382409
seg_e8b2b3,7.633480308018205
seg_e8bcde,3.707538250660506
seg_e8ce6a,2.231991569037172
seg_e8d02f,3.5297673316605467
seg_e90c0d,4.059073565378032
seg_e92526,3.3535896713666715
seg_e9272e,4.045510462749592
seg_e96140,3.5778484327855384
seg_e98217,4.153190607552577
seg_e9a09f,2.8635971889380127
seg_e9aa44,7.332333707845086
seg_e9df42,6.998836419106591
seg_e9e65b,6.743161903263522
seg_ea0091,4.236682446894207
seg_ea05c1,7.878390422955455
seg_ea096b,8.620495764173254
seg_ea098b,8.37254303126428
seg_ea4d3a,7.039394337908977
seg_ea78c0,4.926752740239869
seg_ea8270,9.069068800558076
seg_ea9d37,4.196979541839097
seg_ea9fa4,8.986389116825167
seg_eaa0ec,6.532391683635328
seg_eabb2c,7.837897443777595
seg_eacccf,3.786019269532802
seg_ead30e,3.21032455629365
seg_eb0b19,8.776914040014821
seg_eb1d6e,2.64658033874673
seg_eb2e11,4.249255241880403
seg_eb32bc,1.9911265616653289
seg_eb47a9,2.0385679270050447
seg_eb692c,9.247994449317778
seg_eb7595,4.221924312208889
seg_eb7f91,4.785745172094537
seg_eba22d,7.971474460366545
seg_ebb79f,5.867078701197417
seg_ebd77b,8.583624340144935
seg_ebe36c,3.6868945272150797
seg_ebec3e,1.9620866305742042
seg_ec0e7b,7.549610324105308
seg_ec4645,5.989407791256427
seg_ec73d5,3.125202034900833
seg_ec973c,9.126060421748262
seg_eca2eb,4.347207267560455
seg_ecaef0,6.100000573938483
seg_eccb17,1.801398664730906
seg_ecdca4,3.880626656326705
seg_ecf28d,6.147858941924299
seg_ecf81b,8.053133255073357
seg_ed07b0,3.27713412013022
seg_ed3e4c,6.479313192245618
seg_ed52ac,8.675512959176089
seg_ed7741,7.974704419671541
seg_ed7dee,4.264556715968251
seg_ed7f69,2.3818157059453253
seg_edda79,5.62127668465582
seg_edecaa,4.720476567113023
seg_ee1cfc,3.9898544294940694
seg_ee2781,7.283246657725458
seg_ee4479,4.087131557805082
seg_ee4ae5,2.1455387388836473
seg_ee7224,2.832699175634567
seg_ee87e2,2.9507469745479806
seg_ee8f87,4.18288897319571
seg_eea20e,8.782160119305763
seg_eebbc2,4.6742834155572135
seg_eee89d,3.6741275889611966
seg_eefd4a,1.9764235178655993
seg_ef24bd,3.6201184133451227
seg_ef27c8,2.1338960693178497
seg_ef47c4,7.248218150259801
seg_ef644a,5.713970358784077
seg_ef660a,7.4284517288285725
seg_ef74dc,4.92869308381816
seg_ef779d,2.445214081790474
seg_ef9105,9.069097119252026
seg_efb639,6.75767691719139
seg_efbf3e,4.418639564859562
seg_efc5fb,8.006812965110873
seg_efd9ec,7.128024659092916
seg_f003ca,7.748127861289164
seg_f01368,5.688963231562854
seg_f0181d,4.012774866091708
seg_f02d32,5.077143566233375
seg_f056d8,3.7968543963586607
seg_f0574b,4.362234496408532
seg_f073e2,4.672577307884014
seg_f0ce4a,3.6105967836820403
seg_f0cedb,7.984515995885953
seg_f0d278,2.129179582339378
seg_f0db55,1.972036820160466
seg_f11620,4.432433289519581
seg_f11f77,4.676752199877287
seg_f165f6,1.8417290005074325
seg_f19f8e,7.920815481173132
seg_f1a771,2.733848229887752
seg_f1b916,2.645234735627293
seg_f1f5b9,4.942336814107063
seg_f21a22,3.057231658369639
seg_f21bf4,6.319325002852891
seg_f22163,7.654282521950735
seg_f229bf,5.636874795267164
seg_f24292,4.539647839979946
seg_f2750c,6.932869558045823
seg_f2a20d,3.760801021777523
seg_f2ae5e,4.43113019147405
seg_f2b0c5,2.3772269269997386
seg_f2cb5e,3.1480013345960183
seg_f2f5a3,2.15986400420784
seg_f3063a,5.130521647920206
seg_f30b2f,5.410610820129422
seg_f30f0c,8.127555060333524
seg_f322b1,6.186822263359264
seg_f342a3,3.1777778642398142
seg_f34877,7.045887596609092
seg_f383fb,4.136018272001063
seg_f3c578,2.393943778276516
seg_f43730,6.44087567114474
seg_f43ab6,0.6894843859145495
seg_f455bc,7.581034093706471
seg_f46cc1,2.3179976278173333
seg_f48363,2.891351873408046
seg_f48db9,3.240277136241756
seg_f4ad4b,3.8421412111947655
seg_f4d644,2.6214631390490712
seg_f52cdc,8.925777194992884
seg_f5406b,2.9300054450781943
seg_f579ba,3.498344521549302
seg_f57ca1,8.82814252730664
seg_f59974,7.960735843880492
seg_f5a4ee,8.983751562936718
seg_f5a6ab,6.383805533939038
seg_f5d2dd,8.771971493907223
seg_f5e682,2.9854334037653936
seg_f60872,5.091981490879306
seg_f618a8,7.849540575735044
seg_f61b0e,6.032363629223252
seg_f639cd,8.913677631829852
seg_f639ec,5.0158669893332
seg_f650cc,2.887597141061935
seg_f6659e,4.434421433652839
seg_f66db1,7.158764667440248
seg_f679c6,7.411263548019121
seg_f67ce2,2.8392560242392744
seg_f6828d,1.4940916229689658
seg_f69c38,3.2530703973208404
seg_f6a217,2.8771121542514395
seg_f6abc5,7.469987209085768
seg_f6b70c,8.060715629829465
seg_f6bae8,4.749560895343511
seg_f6c0cb,2.7013289326992385
seg_f6c928,6.749665150521767
seg_f6cfd4,6.9946705345471445
seg_f6d51b,1.8673745240411002
seg_f6e1ca,4.443872543978862
seg_f6e89f,7.550898978029634
seg_f6f523,3.084137678636328
seg_f6f683,5.1205794822249375
seg_f7050a,3.417152227070275
seg_f70b66,4.234619219798394
seg_f71db8,5.530741889818532
seg_f7290f,3.29552474344472
seg_f734c8,8.25735032763078
seg_f741af,3.1172696466130723
seg_f77ee5,7.902892261657592
seg_f7d792,1.6161057598583297
seg_f7de40,8.14214113471374
seg_f80e44,4.492815004978723
seg_f83d28,3.8554715467832885
seg_f865be,1.9707361125729566
seg_f86c41,4.032919607157668
seg_f88d4a,3.526262515298235
seg_f8db0a,3.310915090620036
seg_f8dd7e,5.2920557822954875
seg_f931de,5.466286948362175
seg_f93ce5,2.6805993157997365
seg_f95fd3,7.289123935858293
seg_f96d0e,2.474799397849715
seg_f96d5a,6.256968947054623
seg_f97274,2.5000251371135844
seg_f99b64,6.099743823529187
seg_f9e4f2,9.089645272917831
seg_f9eea3,5.58494232248163
seg_fa0ac7,6.180112085168939
seg_fa34c7,8.140987100055138
seg_fa488e,3.2337511180184904
seg_fa4df0,3.6683414863830173
seg_fa6383,5.592553672658348
seg_fa796b,3.9566526011909766
seg_fa9f00,3.7605266557619283
seg_fad815,2.949510386879765
seg_fb00b3,7.901405075230183
seg_fb11ba,6.275029371806559
seg_fb1f5c,9.120513836307481
seg_fb4c26,4.3793070328794625
seg_fb74f0,8.004537983150515
seg_fb76ca,5.1604583237999675
seg_fb8af5,3.089351165032176
seg_fb9491,2.8311187708226497
seg_fb9b2e,8.01753343778088
seg_fbce13,3.2710787921949422
seg_fbd66b,4.508946206442479
seg_fbddb9,8.73270756900387
seg_fbe3c2,4.47962222239702
seg_fbf17a,8.106205179913298
seg_fbff25,2.5758522847443674
seg_fc407c,5.310542369934583
seg_fc57d4,1.4767552025552506
seg_fc8fd6,2.0232105395536575
seg_fcb7d0,9.017874887592598
seg_fcca66,4.2599822290392035
seg_fcd32e,5.135231979089534
seg_fd19b8,7.897439256696543
seg_fd374e,4.4114477676014445
seg_fd6340,4.592025184494424
seg_fd8add,6.630560864801912
seg_fd9ac1,3.6105585254819124
seg_fdba93,2.647834755954738
seg_fdc1d4,2.7848838545774774
seg_fdd50e,0.8140023388921176
seg_fde767,4.925523619353883
seg_fde86d,7.23838334869892
seg_fdff11,1.2431766525579753
seg_fe2aac,3.2365972958402116
seg_fe5945,2.8705373038066786
seg_fe70c0,7.339535716189056
seg_fe73b1,8.111034856709141
seg_fe86f5,5.291324035943324
seg_fea3e2,7.306432729050866
seg_feb312,6.518876767675613
seg_fedbd1,7.093155844687637
seg_ff0f1b,3.1284811301015147
seg_ff1a62,7.181095534830344
seg_ff2f2d,4.753819313128505
seg_ff4236,4.388490674707059
seg_ff7478,6.557083557070266
seg_ff79d9,3.1178076307678046
seg_ffbd6a,1.046827275100785
seg_ffe7cc,8.04989457592692
